main,description,pressure,visibility,humidity,dt,TempCelcius,TempCelciusMin,TempCelciusMax,hours,day_of_week,date_num
Clouds,broken clouds,1038,10000,73,2023-02-28 17:06:46,6.550000000000011,6.2900000000000205,6.879999999999996,17,Tuesday,22817
Clouds,broken clouds,1037,10000,75,2023-02-28 18:06:48,6.180000000000007,5.32000000000005,6.670000000000016,18,Tuesday,22818
Clouds,broken clouds,1037,10000,75,2023-02-28 19:06:50,6.270000000000039,5.32000000000005,6.879999999999996,19,Tuesday,22819
Clouds,broken clouds,1038,10000,74,2023-02-28 20:06:51,6.550000000000011,6.2900000000000205,6.879999999999996,20,Tuesday,22820
Clouds,broken clouds,1037,10000,74,2023-02-28 21:06:52,6.150000000000034,5.360000000000014,6.670000000000016,21,Tuesday,22821
Clouds,broken clouds,1037,10000,78,2023-02-28 22:28:10,6.220000000000027,5.32000000000005,6.879999999999996,22,Tuesday,22822
Clouds,broken clouds,1038,10000,78,2023-02-28 23:28:11,6.170000000000016,5.360000000000014,7.150000000000034,23,Tuesday,22823
Clouds,broken clouds,1038,10000,81,2023-03-01 00:28:13,6.390000000000043,5.360000000000014,7.150000000000034,0,Wednesday,30100
Clouds,broken clouds,1037,10000,80,2023-03-01 01:28:13,6.910000000000025,6.2900000000000205,7.430000000000007,1,Wednesday,30101
Clouds,broken clouds,1037,10000,76,2023-03-01 02:28:14,6.7900000000000205,6.2900000000000205,7.220000000000027,2,Wednesday,30102
Clouds,broken clouds,1036,10000,78,2023-03-01 03:28:15,6.730000000000018,6.2900000000000205,7.220000000000027,3,Wednesday,30103
Clouds,broken clouds,1036,10000,75,2023-03-01 04:28:16,6.53000000000003,5.879999999999996,7.210000000000036,4,Wednesday,30104
Clouds,broken clouds,1035,10000,77,2023-03-01 05:28:18,6.550000000000011,6.2900000000000205,6.879999999999996,5,Wednesday,30105
Clouds,broken clouds,1036,10000,81,2023-03-01 06:28:18,6.330000000000041,6.110000000000014,6.650000000000034,6,Wednesday,30106
Drizzle,light intensity drizzle,1036,10000,82,2023-03-01 07:28:19,6.0400000000000205,5.53000000000003,6.360000000000014,7,Wednesday,30107
Drizzle,light intensity drizzle,1036,10000,80,2023-03-01 08:28:20,6.160000000000025,5.53000000000003,6.670000000000016,8,Wednesday,30108
Clouds,broken clouds,1035,10000,80,2023-03-01 09:28:21,6.220000000000027,5.740000000000009,6.670000000000016,9,Wednesday,30109
Clouds,scattered clouds,1036,10000,80,2023-03-01 10:28:22,6.410000000000025,5.740000000000009,7.150000000000034,10,Wednesday,30110
Clouds,broken clouds,1036,10000,78,2023-03-01 11:28:23,7.220000000000027,6.53000000000003,7.54000000000002,11,Wednesday,30111
Clouds,broken clouds,1035,10000,75,2023-03-01 12:28:24,7.760000000000048,6.650000000000034,8.650000000000034,12,Wednesday,30112
Clouds,broken clouds,1034,10000,73,2023-03-01 13:28:25,8.470000000000027,7.53000000000003,9.210000000000036,13,Wednesday,30113
Clouds,broken clouds,1034,10000,74,2023-03-01 14:28:26,7.800000000000011,7.210000000000036,8.100000000000023,14,Wednesday,30114
Clouds,broken clouds,1033,10000,76,2023-03-01 15:28:28,7.700000000000045,7.360000000000014,8.100000000000023,15,Wednesday,30115
Clouds,broken clouds,1032,10000,74,2023-03-01 16:28:30,7.640000000000043,7.210000000000036,7.990000000000009,16,Wednesday,30116
Clouds,scattered clouds,1032,10000,76,2023-03-01 17:28:31,7.5,7.150000000000034,7.78000000000003,17,Wednesday,30117
Clouds,broken clouds,1032,10000,78,2023-03-01 18:28:32,7.080000000000041,6.53000000000003,7.430000000000007,18,Wednesday,30118
Clouds,broken clouds,1031,10000,79,2023-03-01 19:28:33,7.170000000000016,6.360000000000014,7.78000000000003,19,Wednesday,30119
Clouds,broken clouds,1031,10000,77,2023-03-01 20:28:34,7.32000000000005,6.360000000000014,7.990000000000009,20,Wednesday,30120
Clouds,broken clouds,1030,10000,73,2023-03-01 21:28:35,7.54000000000002,6.850000000000023,7.990000000000009,21,Wednesday,30121
Clouds,broken clouds,1030,10000,74,2023-03-01 22:28:35,7.390000000000043,6.850000000000023,7.78000000000003,22,Wednesday,30122
Clouds,broken clouds,1030,10000,78,2023-03-01 23:28:36,7.170000000000016,6.850000000000023,7.53000000000003,23,Wednesday,30123
Clouds,broken clouds,1030,10000,81,2023-03-02 00:28:37,6.610000000000014,6.2900000000000205,7.210000000000036,0,Thursday,30200
Clouds,broken clouds,1029,10000,81,2023-03-02 01:28:38,6.730000000000018,6.2900000000000205,7.220000000000027,1,Thursday,30201
Clouds,broken clouds,1029,10000,84,2023-03-02 02:28:40,6.510000000000048,6.2900000000000205,6.879999999999996,2,Thursday,30202
Clouds,broken clouds,1029,10000,84,2023-03-02 03:28:40,6.490000000000009,6.090000000000032,6.670000000000016,3,Thursday,30203
Clouds,broken clouds,1028,10000,84,2023-03-02 04:28:41,6.090000000000032,5.360000000000014,6.600000000000023,4,Thursday,30204
Clouds,broken clouds,1027,10000,81,2023-03-02 05:28:42,6.180000000000007,5.360000000000014,6.879999999999996,5,Thursday,30205
Clouds,broken clouds,1027,10000,82,2023-03-02 06:28:43,6.080000000000041,5.32000000000005,6.879999999999996,6,Thursday,30206
Clouds,scattered clouds,1027,10000,83,2023-03-02 07:28:43,6.3700000000000045,5.53000000000003,6.879999999999996,7,Thursday,30207
Clouds,broken clouds,1028,10000,88,2023-03-02 08:28:44,5.960000000000036,5.360000000000014,6.430000000000007,8,Thursday,30208
Clouds,broken clouds,1028,10000,86,2023-03-02 09:28:45,6.439999999999998,6.090000000000032,6.670000000000016,9,Thursday,30209
Clouds,scattered clouds,1028,10000,85,2023-03-02 10:28:46,6.860000000000014,6.360000000000014,7.54000000000002,10,Thursday,30210
Clouds,scattered clouds,1028,10000,80,2023-03-02 11:28:46,7.810000000000002,6.53000000000003,8.650000000000034,11,Thursday,30211
Clouds,broken clouds,1028,10000,77,2023-03-02 12:28:47,7.550000000000011,7.150000000000034,7.990000000000009,12,Thursday,30212
Clouds,broken clouds,1029,10000,77,2023-03-02 13:28:48,7.970000000000027,7.220000000000027,8.650000000000034,13,Thursday,30213
Clouds,scattered clouds,1028,10000,78,2023-03-02 14:28:50,7.580000000000041,7.220000000000027,8.100000000000023,14,Thursday,30214
Clouds,scattered clouds,1028,10000,79,2023-03-02 15:25:25,7.370000000000003,6.550000000000011,8.120000000000005,15,Thursday,30215
Clouds,broken clouds,1028,10000,79,2023-03-02 16:28:51,6.860000000000014,6.360000000000014,7.430000000000007,16,Thursday,30216
Clouds,broken clouds,1028,10000,77,2023-03-02 17:26:45,6.840000000000032,6.360000000000014,7.220000000000027,17,Thursday,30217
Clouds,broken clouds,1029,10000,75,2023-03-02 18:26:32,6.550000000000011,6.2900000000000205,6.879999999999996,18,Thursday,30218
Clouds,broken clouds,1029,10000,72,2023-03-02 19:28:53,6.580000000000041,6.090000000000032,6.879999999999996,19,Thursday,30219
Clouds,broken clouds,1029,10000,74,2023-03-02 20:28:54,6.439999999999998,5.360000000000014,7.220000000000027,20,Thursday,30220
Clouds,broken clouds,1030,10000,80,2023-03-02 21:28:54,6.330000000000041,5.360000000000014,6.879999999999996,21,Thursday,30221
Clouds,broken clouds,1030,10000,78,2023-03-02 22:28:55,6.360000000000014,5.360000000000014,7.220000000000027,22,Thursday,30222
Clouds,broken clouds,1030,10000,75,2023-03-02 23:28:56,6.720000000000027,6.090000000000032,7.220000000000027,23,Thursday,30223
Clouds,broken clouds,1030,10000,72,2023-03-03 00:28:56,6.610000000000014,6.090000000000032,6.879999999999996,0,Friday,30300
Clouds,broken clouds,1030,10000,73,2023-03-03 01:28:57,6.2000000000000455,5.360000000000014,6.879999999999996,1,Friday,30301
Clouds,broken clouds,1030,10000,73,2023-03-03 02:28:58,5.930000000000007,5.360000000000014,6.53000000000003,2,Friday,30302
Clouds,broken clouds,1029,10000,78,2023-03-03 03:26:52,5.470000000000027,4.210000000000036,6.670000000000016,3,Friday,30303
Clouds,broken clouds,1030,10000,79,2023-03-03 04:28:59,5.470000000000027,4.210000000000036,6.670000000000016,4,Friday,30304
Clouds,broken clouds,1030,10000,79,2023-03-03 05:29:00,5.560000000000002,4.53000000000003,6.670000000000016,5,Friday,30305
Clouds,broken clouds,1030,10000,82,2023-03-03 06:29:01,5.330000000000041,4.360000000000014,6.110000000000014,6,Friday,30306
Clouds,broken clouds,1030,10000,82,2023-03-03 07:24:41,5.460000000000036,4.360000000000014,6.670000000000016,7,Friday,30307
Clouds,broken clouds,1031,10000,84,2023-03-03 08:29:03,5.590000000000032,4.53000000000003,6.670000000000016,8,Friday,30308
Clouds,broken clouds,1031,10000,83,2023-03-03 09:29:04,5.850000000000023,5.180000000000007,6.670000000000016,9,Friday,30309
Drizzle,light intensity drizzle,1032,10000,83,2023-03-03 10:29:04,6.180000000000007,5.53000000000003,6.670000000000016,10,Friday,30310
Clouds,broken clouds,1032,10000,83,2023-03-03 11:29:06,6.610000000000014,6.2900000000000205,6.990000000000009,11,Friday,30311
Clouds,broken clouds,1032,10000,82,2023-03-03 12:20:24,6.990000000000009,5.900000000000034,7.560000000000002,12,Friday,30312
Clouds,broken clouds,1032,10000,79,2023-03-03 13:24:28,6.8700000000000045,6.110000000000014,7.390000000000043,13,Friday,30313
Drizzle,light intensity drizzle,1031,10000,80,2023-03-03 14:28:29,6.900000000000034,6.330000000000041,7.3799999999999955,14,Friday,30314
Clouds,broken clouds,1031,10000,81,2023-03-03 15:22:11,6.5,5.900000000000034,7.170000000000016,15,Friday,30315
Clouds,broken clouds,1032,10000,78,2023-03-03 16:26:32,6.629999999999996,6.300000000000011,7.0,16,Friday,30316
Clouds,broken clouds,1032,10000,81,2023-03-03 17:19:47,5.990000000000009,5.410000000000025,6.57000000000005,17,Friday,30317
Clouds,broken clouds,1032,10000,82,2023-03-03 18:24:53,5.5400000000000205,5.189999999999998,5.890000000000043,18,Friday,30318
Clouds,broken clouds,1032,10000,82,2023-03-03 19:28:50,5.480000000000018,4.660000000000025,6.160000000000025,19,Friday,30319
Clouds,broken clouds,1033,10000,83,2023-03-03 20:22:06,5.28000000000003,4.390000000000043,6.140000000000043,20,Friday,30320
Drizzle,light intensity drizzle,1033,10000,83,2023-03-03 21:26:07,5.210000000000036,4.379999999999996,6.1200000000000045,21,Friday,30321
Clouds,broken clouds,1033,10000,83,2023-03-03 22:29:11,4.930000000000007,4.53000000000003,5.360000000000014,22,Friday,30322
Clouds,broken clouds,1033,10000,80,2023-03-03 23:22:52,5.150000000000034,4.57000000000005,5.610000000000014,23,Friday,30323
Clouds,broken clouds,1033,10000,79,2023-03-04 00:26:59,5.340000000000032,4.220000000000027,6.1200000000000045,0,Saturday,30400
Clouds,broken clouds,1033,10000,79,2023-03-04 01:20:04,5.2900000000000205,4.080000000000041,6.1200000000000045,1,Saturday,30401
Clouds,broken clouds,1032,10000,78,2023-03-04 02:23:45,5.310000000000002,4.080000000000041,6.1200000000000045,2,Saturday,30402
Clouds,broken clouds,1032,10000,79,2023-03-04 03:27:30,4.879999999999996,4.090000000000032,5.7900000000000205,3,Saturday,30403
Clouds,broken clouds,1032,10000,77,2023-03-04 04:20:36,4.840000000000032,4.25,5.53000000000003,4,Saturday,30404
Clouds,broken clouds,1032,10000,80,2023-03-04 05:24:17,4.520000000000039,3.1100000000000136,5.220000000000027,5,Saturday,30405
Clouds,broken clouds,1033,10000,79,2023-03-04 06:27:57,4.410000000000025,3.140000000000043,5.050000000000011,6,Saturday,30406
Clouds,broken clouds,1033,10000,78,2023-03-04 07:21:08,4.330000000000041,3.140000000000043,5.050000000000011,7,Saturday,30407
Clouds,broken clouds,1033,10000,78,2023-03-04 08:24:44,4.470000000000027,3.550000000000012,5.03000000000003,8,Saturday,30408
Clouds,broken clouds,1033,10000,76,2023-03-04 09:28:26,4.580000000000041,4.080000000000041,5.010000000000048,9,Saturday,30409
Clouds,broken clouds,1033,10000,74,2023-03-04 10:22:45,4.760000000000048,4.220000000000027,5.550000000000011,10,Saturday,30410
Clouds,broken clouds,1033,10000,73,2023-03-04 11:27:25,4.990000000000009,4.25,5.580000000000041,11,Saturday,30411
Clouds,broken clouds,1033,10000,70,2023-03-04 12:21:59,5.379999999999996,5.2000000000000455,6.110000000000014,12,Saturday,30412
Clouds,broken clouds,1032,10000,69,2023-03-04 13:26:08,5.510000000000048,5.220000000000027,6.129999999999996,13,Saturday,30413
Clouds,broken clouds,1030,10000,69,2023-03-04 14:29:17,5.590000000000032,5.32000000000005,6.090000000000032,14,Saturday,30414
Clouds,broken clouds,1031,10000,69,2023-03-04 15:22:53,5.680000000000007,5.360000000000014,6.080000000000041,15,Saturday,30415
Clouds,broken clouds,1030,10000,68,2023-03-04 16:26:52,5.490000000000009,5.2000000000000455,6.110000000000014,16,Saturday,30416
Clouds,broken clouds,1030,10000,70,2023-03-04 17:25:16,4.850000000000023,4.25,5.580000000000041,17,Saturday,30417
Clouds,broken clouds,1030,10000,69,2023-03-04 18:24:42,4.710000000000036,4.25,5.050000000000011,18,Saturday,30418
Clouds,broken clouds,1030,10000,69,2023-03-04 19:29:18,4.57000000000005,3.5300000000000296,5.560000000000002,19,Saturday,30419
Clouds,broken clouds,1029,10000,72,2023-03-04 20:23:00,4.270000000000039,3.550000000000012,4.670000000000016,20,Saturday,30420
Clouds,broken clouds,1029,10000,70,2023-03-04 21:21:56,4.510000000000048,4.110000000000014,5.050000000000011,21,Saturday,30421
Clouds,broken clouds,1028,10000,73,2023-03-04 22:25:46,4.170000000000016,3.1100000000000136,5.010000000000048,22,Saturday,30422
Clouds,broken clouds,1028,10000,74,2023-03-04 23:29:16,4.129999999999996,3.140000000000043,5.050000000000011,23,Saturday,30423
Clouds,broken clouds,1027,10000,75,2023-03-05 00:22:32,3.870000000000005,3.140000000000043,4.490000000000009,0,Sunday,30500
Clouds,broken clouds,1027,10000,75,2023-03-05 01:20:57,3.870000000000005,3.140000000000043,4.490000000000009,1,Sunday,30501
Clouds,broken clouds,1026,10000,75,2023-03-05 02:24:33,3.670000000000016,3.1100000000000136,4.110000000000014,2,Sunday,30502
Clouds,broken clouds,1026,10000,76,2023-03-05 03:22:56,3.7000000000000455,3.140000000000043,4.140000000000043,3,Sunday,30503
Clouds,broken clouds,1025,10000,76,2023-03-05 04:21:32,3.57000000000005,3.140000000000043,3.9399999999999977,4,Sunday,30504
Clouds,broken clouds,1024,10000,77,2023-03-05 05:25:04,3.620000000000005,3.300000000000012,3.9399999999999977,5,Sunday,30505
Clouds,broken clouds,1023,10000,79,2023-03-05 06:29:08,3.450000000000045,2.3799999999999955,3.900000000000034,6,Sunday,30506
Clouds,broken clouds,1023,10000,79,2023-03-05 07:22:21,3.640000000000043,3.1200000000000045,4.1200000000000045,7,Sunday,30507
Clouds,broken clouds,1023,10000,79,2023-03-05 08:20:30,3.740000000000009,3.1200000000000045,4.230000000000018,8,Sunday,30508
Clouds,broken clouds,1022,10000,80,2023-03-05 09:24:06,4.25,3.1100000000000136,4.990000000000009,9,Sunday,30509
Clouds,broken clouds,1021,10000,78,2023-03-05 10:27:30,5.340000000000032,4.230000000000018,6.6200000000000045,10,Sunday,30510
Clouds,broken clouds,1021,10000,77,2023-03-05 11:26:01,6.350000000000023,5.360000000000014,7.75,11,Sunday,30511
Drizzle,light intensity drizzle,1020,10000,77,2023-03-05 12:19:46,7.140000000000043,5.550000000000011,8.28000000000003,12,Sunday,30512
Clouds,broken clouds,1019,10000,78,2023-03-05 13:23:42,7.640000000000043,6.5400000000000205,8.660000000000025,13,Sunday,30513
Clouds,scattered clouds,1018,10000,75,2023-03-05 14:22:09,8.379999999999995,7.550000000000011,9.390000000000043,14,Sunday,30514
Clouds,scattered clouds,1017,10000,68,2023-03-05 15:25:53,9.400000000000034,8.890000000000043,9.950000000000044,15,Sunday,30515
Clouds,scattered clouds,1016,10000,69,2023-03-05 16:29:27,9.090000000000032,8.510000000000048,9.439999999999998,16,Sunday,30516
Clouds,broken clouds,1015,10000,72,2023-03-05 17:22:58,8.850000000000023,7.78000000000003,9.470000000000027,17,Sunday,30517
Clouds,scattered clouds,1015,10000,75,2023-03-05 18:27:19,7.920000000000016,7.010000000000048,8.360000000000014,18,Sunday,30518
Clouds,broken clouds,1014,10000,80,2023-03-05 19:20:57,7.220000000000027,6.57000000000005,7.75,19,Sunday,30519
Clouds,broken clouds,1014,10000,86,2023-03-05 20:24:51,6.28000000000003,5.890000000000043,7.160000000000025,20,Sunday,30520
Clouds,broken clouds,1013,10000,86,2023-03-05 21:23:00,6.710000000000036,6.390000000000043,6.900000000000034,21,Sunday,30521
Clouds,broken clouds,1013,10000,88,2023-03-05 22:27:12,6.230000000000018,5.57000000000005,7.25,22,Sunday,30522
Clouds,broken clouds,1012,10000,92,2023-03-05 23:20:44,5.590000000000032,5.360000000000014,6.689999999999998,23,Sunday,30523
Clouds,broken clouds,1012,10000,89,2023-03-06 00:24:17,5.900000000000034,5.360000000000014,6.689999999999998,0,Monday,30600
Clouds,broken clouds,1011,10000,89,2023-03-06 01:28:18,5.7900000000000205,5.330000000000041,6.660000000000025,1,Monday,30601
Clouds,broken clouds,1011,10000,89,2023-03-06 02:21:38,5.890000000000043,5.360000000000014,6.160000000000025,2,Monday,30602
Drizzle,light intensity drizzle,1010,10000,90,2023-03-06 03:25:01,5.670000000000016,5.340000000000032,6.110000000000014,3,Monday,30603
Drizzle,light intensity drizzle,1009,8000,91,2023-03-06 04:29:08,5.610000000000014,5.330000000000041,6.100000000000023,4,Monday,30604
Clouds,broken clouds,1008,10000,92,2023-03-06 05:22:15,5.260000000000048,4.25,6.129999999999996,5,Monday,30605
Clouds,broken clouds,1008,10000,90,2023-03-06 06:26:05,5.100000000000023,4.230000000000018,6.110000000000014,6,Monday,30606
Clouds,broken clouds,1007,10000,90,2023-03-06 07:29:32,4.930000000000007,4.210000000000036,6.090000000000032,7,Monday,30607
Clouds,scattered clouds,1007,10000,90,2023-03-06 08:22:56,5.03000000000003,4.230000000000018,6.110000000000014,8,Monday,30608
Clouds,broken clouds,1007,10000,90,2023-03-06 09:27:40,5.730000000000018,5.340000000000032,6.140000000000043,9,Monday,30609
Clouds,broken clouds,1007,10000,86,2023-03-06 10:20:49,6.550000000000011,5.890000000000043,7.0,10,Monday,30610
Rain,light rain,1006,10000,90,2023-03-06 11:24:18,6.490000000000009,5.550000000000011,7.230000000000018,11,Monday,30611
Clouds,broken clouds,1006,10000,88,2023-03-06 12:27:56,7.28000000000003,6.550000000000011,8.120000000000005,12,Monday,30612
Rain,light rain,1006,10000,85,2023-03-06 13:21:53,7.54000000000002,6.6200000000000045,8.340000000000032,13,Monday,30613
Rain,light rain,1005,10000,86,2023-03-06 14:26:24,5.670000000000016,5.390000000000043,6.060000000000002,14,Monday,30614
Rain,light rain,1004,10000,89,2023-03-06 15:20:26,5.610000000000014,5.189999999999998,6.610000000000014,15,Monday,30615
Rain,moderate rain,1004,10000,89,2023-03-06 16:24:47,5.400000000000034,5.010000000000048,5.890000000000043,16,Monday,30616
Rain,light rain,1003,10000,91,2023-03-06 17:29:01,5.32000000000005,4.410000000000025,6.129999999999996,17,Monday,30617
Rain,light rain,1003,10000,90,2023-03-06 18:22:21,4.6200000000000045,4.390000000000043,5.560000000000002,18,Monday,30618
Rain,moderate rain,1003,10000,90,2023-03-06 19:27:14,4.140000000000043,3.390000000000043,5.0,19,Monday,30619
Rain,light rain,1004,10000,89,2023-03-06 20:20:32,3.4600000000000364,3.3600000000000136,3.840000000000032,20,Monday,30620
Drizzle,light intensity drizzle,1003,10000,86,2023-03-06 21:24:34,3.2800000000000296,2.9700000000000277,3.550000000000012,21,Monday,30621
Rain,light rain,1003,10000,81,2023-03-06 22:28:28,3.420000000000016,2.9700000000000277,3.900000000000034,22,Monday,30622
Rain,light rain,1003,10000,82,2023-03-06 23:22:09,2.8500000000000227,2.0300000000000296,3.57000000000005,23,Monday,30623
Rain,light rain,1003,10000,80,2023-03-07 00:26:00,2.82000000000005,2.0300000000000296,3.57000000000005,0,Tuesday,30700
Rain,light rain,1002,10000,83,2023-03-07 01:29:39,2.300000000000012,0.8799999999999955,3.330000000000041,1,Tuesday,30701
Clouds,broken clouds,1002,10000,81,2023-03-07 02:23:10,2.080000000000041,0.9000000000000341,2.8100000000000023,2,Tuesday,30702
Clouds,broken clouds,1001,10000,81,2023-03-07 03:27:09,1.4399999999999975,0.3400000000000318,2.25,3,Tuesday,30703
Clear,clear sky,1002,10000,82,2023-03-07 04:20:10,1.0200000000000389,0.5100000000000477,1.670000000000016,4,Tuesday,30704
Clouds,broken clouds,1002,10000,84,2023-03-07 05:24:00,0.410000000000025,-0.4599999999999795,1.660000000000025,5,Tuesday,30705
Clouds,broken clouds,1002,10000,87,2023-03-07 06:27:37,-0.589999999999975,-1.8799999999999957,1.1100000000000136,6,Tuesday,30706
Clouds,broken clouds,1002,10000,86,2023-03-07 07:21:05,-0.5,-1.8899999999999864,0.0100000000000477,7,Tuesday,30707
Clouds,scattered clouds,1003,10000,87,2023-03-07 08:24:33,-0.2599999999999909,-1.8799999999999957,0.5900000000000318,8,Tuesday,30708
Clouds,few clouds,1003,10000,85,2023-03-07 09:28:27,0.660000000000025,-0.4599999999999795,2.2200000000000277,9,Tuesday,30709
Clouds,few clouds,1002,10000,82,2023-03-07 10:22:05,2.1100000000000136,0.8900000000000432,2.7900000000000205,10,Tuesday,30710
Clouds,few clouds,1002,10000,72,2023-03-07 11:25:36,3.930000000000007,3.1200000000000045,4.78000000000003,11,Tuesday,30711
Clouds,few clouds,1002,10000,64,2023-03-07 12:29:32,4.670000000000016,3.140000000000043,5.920000000000016,12,Tuesday,30712
Clouds,scattered clouds,1002,10000,60,2023-03-07 13:23:14,5.32000000000005,4.970000000000027,5.810000000000002,13,Tuesday,30713
Clouds,scattered clouds,1002,10000,57,2023-03-07 14:27:30,5.670000000000016,4.9500000000000455,6.310000000000002,14,Tuesday,30714
Clouds,few clouds,1001,10000,59,2023-03-07 15:21:13,5.260000000000048,4.220000000000027,6.439999999999998,15,Tuesday,30715
Clouds,few clouds,1001,10000,56,2023-03-07 16:25:46,5.340000000000032,5.010000000000048,5.78000000000003,16,Tuesday,30716
Clouds,few clouds,1001,10000,62,2023-03-07 17:29:44,4.010000000000048,1.990000000000009,5.210000000000036,17,Tuesday,30717
Clouds,few clouds,1000,10000,67,2023-03-07 18:23:18,2.760000000000048,0.920000000000016,3.9399999999999977,18,Tuesday,30718
Clouds,few clouds,1000,10000,74,2023-03-07 19:27:51,0.7700000000000387,-0.75,1.920000000000016,19,Tuesday,30719
Clear,clear sky,999,10000,73,2023-03-07 20:21:06,0.2300000000000182,-0.75,1.6400000000000432,20,Tuesday,30720
Clouds,broken clouds,998,10000,73,2023-03-07 21:24:57,0.7400000000000091,-1.4699999999999704,3.3600000000000136,21,Tuesday,30721
Clouds,broken clouds,998,10000,76,2023-03-07 22:29:03,0.8799999999999955,-1.6200000000000043,3.340000000000032,22,Tuesday,30722
Clouds,broken clouds,997,10000,74,2023-03-07 23:22:18,1.7900000000000205,-1.589999999999975,3.9399999999999977,23,Tuesday,30723
Clouds,broken clouds,996,10000,74,2023-03-08 00:26:12,1.9600000000000364,-1.6200000000000043,3.900000000000034,0,Wednesday,30800
Clouds,broken clouds,995,10000,70,2023-03-08 01:29:43,2.7900000000000205,0.3900000000000432,3.920000000000016,1,Wednesday,30801
Clouds,broken clouds,995,10000,68,2023-03-08 02:22:55,3.3500000000000227,1.670000000000016,4.1200000000000045,2,Wednesday,30802
Clouds,broken clouds,993,10000,67,2023-03-08 03:27:00,3.340000000000032,2.0,4.110000000000014,3,Wednesday,30803
Clouds,broken clouds,993,10000,65,2023-03-08 04:20:53,3.57000000000005,2.800000000000012,3.9399999999999977,4,Wednesday,30804
Clouds,broken clouds,992,10000,64,2023-03-08 05:24:29,3.5300000000000296,3.0,3.9399999999999977,5,Wednesday,30805
Clouds,broken clouds,991,10000,63,2023-03-08 06:28:04,3.450000000000045,2.980000000000018,3.920000000000016,6,Wednesday,30806
Clouds,broken clouds,991,10000,64,2023-03-08 07:22:04,3.1100000000000136,2.0,3.900000000000034,7,Wednesday,30807
Clouds,broken clouds,991,10000,61,2023-03-08 08:25:42,3.4399999999999977,2.57000000000005,3.9399999999999977,8,Wednesday,30808
Clouds,broken clouds,991,10000,59,2023-03-08 09:29:23,4.2900000000000205,3.3799999999999955,4.939999999999998,9,Wednesday,30809
Clouds,broken clouds,991,10000,54,2023-03-08 10:22:34,4.520000000000039,4.220000000000027,4.770000000000039,10,Wednesday,30810
Rain,light rain,991,10000,59,2023-03-08 11:26:11,5.060000000000002,4.490000000000009,5.410000000000025,11,Wednesday,30811
Clouds,broken clouds,991,10000,57,2023-03-08 12:29:51,5.340000000000032,4.430000000000007,5.740000000000009,12,Wednesday,30812
Clouds,broken clouds,991,10000,55,2023-03-08 13:23:53,5.650000000000034,4.4500000000000455,6.4500000000000455,13,Wednesday,30813
Clouds,broken clouds,991,10000,57,2023-03-08 14:28:45,4.8700000000000045,4.230000000000018,5.230000000000018,14,Wednesday,30814
Clouds,broken clouds,991,10000,58,2023-03-08 15:23:14,4.740000000000009,4.230000000000018,5.230000000000018,15,Wednesday,30815
Clouds,broken clouds,990,10000,66,2023-03-08 16:27:37,4.07000000000005,3.550000000000012,4.390000000000043,16,Wednesday,30816
Clouds,broken clouds,991,10000,72,2023-03-08 17:21:00,3.340000000000032,2.980000000000018,3.670000000000016,17,Wednesday,30817
Drizzle,light intensity drizzle,991,10000,74,2023-03-08 18:25:20,3.3600000000000136,3.0,3.6899999999999977,18,Wednesday,30818
Clouds,broken clouds,991,10000,80,2023-03-08 19:29:31,3.2900000000000205,3.0,3.580000000000041,19,Wednesday,30819
Clouds,broken clouds,992,10000,81,2023-03-08 20:23:30,3.510000000000048,2.980000000000018,3.920000000000016,20,Wednesday,30820
Clouds,broken clouds,992,10000,82,2023-03-08 21:28:18,3.7000000000000455,3.410000000000025,3.9399999999999977,21,Wednesday,30821
Clouds,broken clouds,993,10000,82,2023-03-08 22:22:25,3.5400000000000205,2.9700000000000277,3.900000000000034,22,Wednesday,30822
Clouds,broken clouds,992,10000,84,2023-03-08 23:26:05,3.25,2.57000000000005,3.910000000000025,23,Wednesday,30823
Drizzle,light intensity drizzle,993,10000,85,2023-03-09 00:29:54,3.2800000000000296,2.5300000000000296,4.100000000000023,0,Thursday,30900
Clouds,broken clouds,993,7000,83,2023-03-09 01:23:22,3.230000000000018,2.010000000000048,4.1200000000000045,1,Thursday,30901
Rain,light rain,993,10000,83,2023-03-09 02:27:29,3.2100000000000364,2.0,3.900000000000034,2,Thursday,30902
Rain,light rain,992,10000,80,2023-03-09 03:25:46,3.4600000000000364,2.980000000000018,3.920000000000016,3,Thursday,30903
Rain,light rain,992,10000,83,2023-03-09 04:29:40,2.980000000000018,2.010000000000048,3.5600000000000023,4,Thursday,30904
Rain,light rain,992,10000,89,2023-03-09 05:28:16,2.670000000000016,2.0300000000000296,3.140000000000043,5,Thursday,30905
Rain,moderate rain,992,8000,91,2023-03-09 06:22:27,2.4399999999999977,1.8900000000000432,2.830000000000041,6,Thursday,30906
Rain,light rain,991,7000,91,2023-03-09 07:26:28,2.2900000000000205,1.5500000000000114,2.8100000000000023,7,Thursday,30907
Rain,moderate rain,991,10000,91,2023-03-09 08:29:56,2.390000000000043,1.8500000000000227,2.7800000000000296,8,Thursday,30908
Rain,light rain,991,6000,91,2023-03-09 09:23:32,2.57000000000005,2.25,2.830000000000041,9,Thursday,30909
Rain,light rain,990,7000,92,2023-03-09 10:27:35,2.740000000000009,2.25,3.140000000000043,10,Thursday,30910
Snow,snow,989,9000,93,2023-03-09 11:20:49,2.7100000000000364,2.3799999999999955,3.1100000000000136,11,Thursday,30911
Rain,light rain,989,10000,91,2023-03-09 12:24:57,3.180000000000007,2.9700000000000277,3.3799999999999955,12,Thursday,30912
Snow,snow,988,3000,92,2023-03-09 13:29:49,3.4700000000000277,3.300000000000012,3.6899999999999977,13,Thursday,30913
Rain,moderate rain,987,5000,93,2023-03-09 14:23:32,3.150000000000034,2.5400000000000205,3.660000000000025,14,Thursday,30914
Clouds,broken clouds,986,5000,93,2023-03-09 15:22:32,3.6100000000000136,3.340000000000032,4.110000000000014,15,Thursday,30915
Rain,moderate rain,985,4000,93,2023-03-09 16:27:32,3.8000000000000114,3.3799999999999955,4.439999999999998,16,Thursday,30916
Clouds,broken clouds,984,4000,94,2023-03-09 17:26:04,3.680000000000007,3.3600000000000136,4.4500000000000455,17,Thursday,30917
Clouds,broken clouds,984,3500,93,2023-03-09 18:24:52,3.580000000000041,3.300000000000012,4.140000000000043,18,Thursday,30918
Rain,moderate rain,985,3400,93,2023-03-09 19:24:35,3.1100000000000136,2.390000000000043,4.4500000000000455,19,Thursday,30919
Mist,mist,985,3600,94,2023-03-09 20:24:01,2.890000000000043,2.230000000000018,4.439999999999998,20,Thursday,30920
Clouds,broken clouds,987,4500,93,2023-03-09 21:24:19,2.4700000000000277,2.230000000000018,3.1100000000000136,21,Thursday,30921
Rain,moderate rain,988,5000,94,2023-03-09 22:23:21,2.550000000000012,2.2700000000000387,3.3600000000000136,22,Thursday,30922
Snow,sleet,990,4500,93,2023-03-09 23:21:58,1.400000000000034,1.1400000000000432,2.5600000000000023,23,Thursday,30923
Snow,snow,992,4500,94,2023-03-10 00:20:35,1.7300000000000182,1.3100000000000025,2.7800000000000296,0,Friday,31000
Snow,light snow,994,4000,94,2023-03-10 01:24:49,1.8600000000000136,1.3799999999999957,2.4399999999999977,1,Friday,31001
Snow,sleet,996,1500,95,2023-03-10 02:23:31,0.9000000000000341,0.3900000000000432,2.230000000000018,2,Friday,31002
Snow,snow,998,2000,95,2023-03-10 03:22:19,0.5200000000000387,0.0100000000000477,2.2200000000000277,3,Friday,31003
Snow,light snow,1000,3000,95,2023-03-10 04:20:59,0.7000000000000455,0.1899999999999977,2.160000000000025,4,Friday,31004
Snow,light snow,1001,2000,95,2023-03-10 05:29:53,0.5200000000000387,0.0100000000000477,1.660000000000025,5,Friday,31005
Snow,snow,1003,2500,95,2023-03-10 06:23:00,0.6800000000000068,0.2200000000000272,1.6899999999999975,6,Friday,31006
Snow,snow,1004,10000,94,2023-03-10 07:00:00,0.7100000000000364,0.2000000000000454,2.170000000000016,7,Friday,31007
Rain,light rain,1005,10000,95,2023-03-10 08:25:46,0.5600000000000023,-0.6200000000000045,1.660000000000025,8,Friday,31008
Rain,light rain,1007,10000,94,2023-03-10 09:29:22,0.82000000000005,-0.7799999999999727,2.2200000000000277,9,Friday,31009
Rain,moderate rain,1007,10000,93,2023-03-10 10:22:21,1.7700000000000389,1.410000000000025,2.25,10,Friday,31010
Clouds,broken clouds,1008,10000,90,2023-03-10 11:20:57,2.7100000000000364,1.3799999999999957,4.379999999999996,11,Friday,31011
Clouds,broken clouds,1008,10000,87,2023-03-10 12:29:59,3.4399999999999977,2.230000000000018,5.5,12,Friday,31012
Clouds,broken clouds,1008,10000,80,2023-03-10 13:28:38,4.650000000000034,3.3799999999999955,5.5,13,Friday,31013
Clouds,broken clouds,1008,10000,69,2023-03-10 14:00:17,5.310000000000002,4.360000000000014,6.600000000000023,14,Friday,31014
Clouds,broken clouds,1008,10000,55,2023-03-10 15:26:45,5.850000000000023,5.390000000000043,6.140000000000043,15,Friday,31015
Clouds,few clouds,1007,10000,59,2023-03-10 16:20:30,5.430000000000007,5.010000000000048,6.5400000000000205,16,Friday,31016
Clouds,few clouds,1007,10000,60,2023-03-10 17:24:34,4.680000000000007,4.220000000000027,5.010000000000048,17,Friday,31017
Clouds,few clouds,1008,10000,69,2023-03-10 18:28:40,2.490000000000009,0.920000000000016,3.580000000000041,18,Friday,31018
Clouds,scattered clouds,1008,10000,71,2023-03-10 19:00:32,1.2700000000000389,0.8799999999999955,1.6000000000000227,19,Friday,31019
Clear,clear sky,1008,10000,78,2023-03-10 20:26:13,0.7100000000000364,-0.6099999999999568,2.170000000000016,20,Friday,31020
Clear,clear sky,1008,10000,79,2023-03-10 21:30:20,0.5900000000000318,-1.589999999999975,2.830000000000041,21,Friday,31021
Clear,clear sky,1008,10000,83,2023-03-10 22:23:59,-0.7399999999999523,-1.6200000000000043,0.5400000000000205,22,Friday,31022
Clouds,scattered clouds,1008,10000,81,2023-03-10 23:28:48,0.6800000000000068,-1.4799999999999611,3.2700000000000387,23,Friday,31023
Clouds,broken clouds,1007,10000,81,2023-03-11 00:00:38,0.6800000000000068,-1.6399999999999864,4.3700000000000045,0,Saturday,31100
Clouds,broken clouds,1007,10000,82,2023-03-11 01:26:24,1.7100000000000364,-0.589999999999975,4.970000000000027,1,Saturday,31101
Snow,light snow,1006,10000,84,2023-03-11 02:30:07,1.4800000000000182,-0.6200000000000045,3.340000000000032,2,Saturday,31102
Rain,light rain,1006,10000,83,2023-03-11 03:23:03,2.3500000000000227,0.3900000000000432,4.9500000000000455,3,Saturday,31103
Rain,light rain,1006,10000,83,2023-03-11 04:27:31,2.8500000000000227,0.410000000000025,4.970000000000027,4,Saturday,31104
Rain,light rain,1006,10000,87,2023-03-11 05:30:42,2.6899999999999977,1.8500000000000227,3.82000000000005,5,Saturday,31105
Rain,light rain,1006,10000,90,2023-03-11 06:24:12,2.5200000000000387,1.8700000000000043,3.2800000000000296,6,Saturday,31106
Rain,light rain,1005,10000,90,2023-03-11 07:27:57,2.900000000000034,2.25,3.57000000000005,7,Saturday,31107
Rain,light rain,1005,10000,87,2023-03-11 08:20:52,3.730000000000018,2.230000000000018,4.9500000000000455,8,Saturday,31108
Clouds,broken clouds,1005,10000,84,2023-03-11 09:24:28,4.28000000000003,3.3600000000000136,4.970000000000027,9,Saturday,31109
Clouds,broken clouds,1004,10000,85,2023-03-11 10:28:04,4.7900000000000205,3.910000000000025,5.410000000000025,10,Saturday,31110
Rain,moderate rain,1004,10000,89,2023-03-11 11:20:55,4.439999999999998,4.110000000000014,4.970000000000027,11,Saturday,31111
Snow,snow,1003,6000,91,2023-03-11 12:24:36,3.650000000000034,3.390000000000043,3.920000000000016,12,Saturday,31112
Rain,light rain,1002,10000,92,2023-03-11 13:28:23,4.4500000000000455,4.090000000000032,5.0,13,Saturday,31113
Clouds,broken clouds,1001,8000,91,2023-03-11 14:26:54,5.390000000000043,5.2000000000000455,5.590000000000032,14,Saturday,31114
Rain,light rain,1000,8000,92,2023-03-11 15:27:13,5.830000000000041,5.360000000000014,6.53000000000003,15,Saturday,31115
Clouds,broken clouds,1000,6000,92,2023-03-11 16:24:02,6.420000000000016,6.060000000000002,6.7000000000000455,16,Saturday,31116
Clouds,broken clouds,999,3000,92,2023-03-11 17:27:51,6.5400000000000205,5.560000000000002,7.010000000000048,17,Saturday,31117
Clouds,broken clouds,999,6000,94,2023-03-11 18:21:19,6.930000000000007,5.560000000000002,7.560000000000002,18,Saturday,31118
Clouds,broken clouds,1000,5000,94,2023-03-11 19:25:17,9.83000000000004,8.390000000000043,10.560000000000002,19,Saturday,31119
Clouds,broken clouds,1000,7000,93,2023-03-11 20:29:37,10.07000000000005,9.410000000000023,10.58000000000004,20,Saturday,31120
Clouds,broken clouds,1001,10000,92,2023-03-11 21:22:45,10.010000000000048,9.410000000000023,10.58000000000004,21,Saturday,31121
Drizzle,light intensity drizzle,1001,10000,90,2023-03-11 22:26:21,9.910000000000023,9.390000000000043,10.560000000000002,22,Saturday,31122
Drizzle,light intensity drizzle,1001,5000,91,2023-03-11 23:30:06,9.640000000000043,8.860000000000014,10.58000000000004,23,Saturday,31123
Clouds,scattered clouds,1001,10000,88,2023-03-12 00:23:11,9.370000000000005,8.28000000000003,10.03000000000003,0,Sunday,31200
Drizzle,light intensity drizzle,1002,10000,85,2023-03-12 01:27:28,9.350000000000025,9.110000000000014,10.02000000000004,1,Sunday,31201
Drizzle,light intensity drizzle,1003,10000,87,2023-03-12 02:30:48,8.939999999999998,8.260000000000048,9.980000000000018,2,Sunday,31202
Clouds,broken clouds,1003,10000,86,2023-03-12 03:23:55,8.980000000000018,8.300000000000011,10.02000000000004,3,Sunday,31203
Clouds,few clouds,1003,10000,84,2023-03-12 04:27:43,8.710000000000036,8.270000000000039,8.900000000000034,4,Sunday,31204
Clouds,broken clouds,1003,10000,86,2023-03-12 05:30:49,8.460000000000036,7.960000000000036,9.430000000000009,5,Sunday,31205
Clouds,broken clouds,1003,10000,84,2023-03-12 06:24:25,8.730000000000018,8.28000000000003,8.920000000000016,6,Sunday,31206
Clouds,broken clouds,1003,10000,86,2023-03-12 07:28:17,8.610000000000014,8.28000000000003,8.920000000000016,7,Sunday,31207
Clouds,broken clouds,1003,10000,86,2023-03-12 08:00:51,8.650000000000034,8.260000000000048,9.210000000000036,8,Sunday,31208
Clouds,broken clouds,1002,10000,81,2023-03-12 09:25:38,10.03000000000003,9.390000000000043,10.900000000000034,9,Sunday,31209
Clouds,broken clouds,1001,10000,76,2023-03-12 10:29:04,11.450000000000044,10.390000000000043,12.560000000000002,10,Sunday,31210
Clouds,broken clouds,1001,10000,68,2023-03-12 11:00:52,12.510000000000048,11.53000000000003,13.100000000000025,11,Sunday,31211
Clouds,broken clouds,1000,10000,75,2023-03-12 12:26:11,12.350000000000025,11.54000000000002,13.110000000000014,12,Sunday,31212
Clouds,broken clouds,999,10000,77,2023-03-12 13:30:01,12.970000000000027,12.220000000000027,13.660000000000023,13,Sunday,31213
Clouds,broken clouds,998,10000,79,2023-03-12 14:23:23,12.79000000000002,12.189999999999998,13.140000000000043,14,Sunday,31214
Clouds,broken clouds,996,10000,80,2023-03-12 15:27:46,12.850000000000025,12.25,13.140000000000043,15,Sunday,31215
Rain,light rain,994,10000,82,2023-03-12 16:30:54,12.129999999999995,11.53000000000003,12.54000000000002,16,Sunday,31216
Rain,light rain,993,10000,82,2023-03-12 17:24:52,12.410000000000023,11.379999999999995,13.0,17,Sunday,31217
Clouds,broken clouds,991,10000,86,2023-03-12 18:29:34,11.470000000000027,10.590000000000032,12.010000000000048,18,Sunday,31218
Rain,light rain,990,10000,88,2023-03-12 19:23:18,11.32000000000005,10.390000000000043,11.700000000000044,19,Sunday,31219
Rain,light rain,988,8000,89,2023-03-12 20:27:33,11.180000000000009,10.390000000000043,12.25,20,Sunday,31220
Clouds,broken clouds,986,8000,90,2023-03-12 21:30:55,11.620000000000005,9.370000000000005,13.33000000000004,21,Sunday,31221
Rain,heavy intensity rain,984,10000,88,2023-03-12 22:24:38,12.510000000000048,11.870000000000005,13.360000000000014,22,Sunday,31222
Clouds,broken clouds,983,10000,88,2023-03-12 23:28:36,12.5,11.640000000000043,13.379999999999995,23,Sunday,31223
Clouds,broken clouds,982,10000,87,2023-03-13 00:00:56,12.629999999999995,12.360000000000014,12.990000000000007,0,Monday,31300
Clouds,broken clouds,980,10000,87,2023-03-13 01:26:08,12.439999999999998,11.610000000000014,13.0,1,Monday,31301
Clouds,broken clouds,980,10000,86,2023-03-13 02:29:39,12.740000000000007,12.410000000000023,13.03000000000003,2,Monday,31302
Clouds,broken clouds,978,10000,83,2023-03-13 03:22:45,12.53000000000003,11.689999999999998,13.03000000000003,3,Monday,31303
Rain,light intensity shower rain,977,10000,84,2023-03-13 04:27:28,10.900000000000034,10.220000000000027,11.57000000000005,4,Monday,31304
Rain,light intensity shower rain,977,10000,87,2023-03-13 05:30:58,10.240000000000007,9.53000000000003,11.090000000000032,5,Monday,31305
Clouds,broken clouds,977,10000,86,2023-03-13 06:30:14,10.400000000000034,9.950000000000044,10.590000000000032,6,Monday,31306
Clouds,broken clouds,976,10000,86,2023-03-13 07:23:44,10.5,10.189999999999998,10.78000000000003,7,Monday,31307
Clouds,broken clouds,977,10000,88,2023-03-13 08:27:36,10.760000000000048,10.189999999999998,11.33000000000004,8,Monday,31308
Clouds,broken clouds,977,10000,85,2023-03-13 09:30:59,11.550000000000011,11.29000000000002,12.210000000000036,9,Monday,31309
Drizzle,light intensity drizzle rain,977,6000,85,2023-03-13 10:24:23,11.980000000000018,11.410000000000023,12.470000000000027,10,Monday,31310
Drizzle,light intensity drizzle,978,10000,84,2023-03-13 11:28:47,12.53000000000003,12.170000000000016,12.810000000000002,11,Monday,31311
Clouds,broken clouds,978,10000,82,2023-03-13 12:01:00,13.200000000000044,12.210000000000036,13.650000000000034,12,Monday,31312
Clouds,broken clouds,978,10000,78,2023-03-13 13:27:06,13.620000000000005,12.390000000000043,14.120000000000005,13,Monday,31313
Rain,light intensity shower rain,979,8000,88,2023-03-13 14:31:01,11.04000000000002,10.360000000000014,11.990000000000007,14,Monday,31314
Clouds,broken clouds,980,10000,89,2023-03-13 15:24:51,9.57000000000005,8.860000000000014,10.360000000000014,15,Monday,31315
Rain,light rain,982,10000,87,2023-03-13 16:29:05,8.670000000000016,8.110000000000014,9.220000000000027,16,Monday,31316
Clouds,broken clouds,983,10000,86,2023-03-13 17:01:02,8.430000000000007,7.960000000000036,8.890000000000043,17,Monday,31317
Clouds,broken clouds,985,10000,80,2023-03-13 18:27:19,7.520000000000039,6.6200000000000045,8.360000000000014,18,Monday,31318
Clouds,scattered clouds,987,10000,78,2023-03-13 19:31:03,6.32000000000005,5.879999999999996,6.990000000000009,19,Monday,31319
Clouds,scattered clouds,988,10000,79,2023-03-13 20:24:54,5.629999999999996,5.340000000000032,6.110000000000014,20,Monday,31320
Clouds,few clouds,989,10000,80,2023-03-13 21:29:31,4.82000000000005,3.550000000000012,5.590000000000032,21,Monday,31321
Clouds,few clouds,990,10000,78,2023-03-13 22:01:04,4.520000000000039,4.07000000000005,5.0,22,Monday,31322
Clouds,few clouds,992,10000,78,2023-03-13 23:27:33,3.82000000000005,3.140000000000043,5.020000000000039,23,Monday,31323
Clouds,scattered clouds,994,10000,82,2023-03-14 00:31:05,3.1200000000000045,1.990000000000009,4.430000000000007,0,Tuesday,31400
Clouds,broken clouds,994,10000,84,2023-03-14 01:24:47,3.240000000000009,2.0300000000000296,4.470000000000027,1,Tuesday,31401
Clouds,broken clouds,996,8000,86,2023-03-14 02:28:39,2.8100000000000023,2.010000000000048,3.550000000000012,2,Tuesday,31402
Rain,light intensity shower rain,996,10000,91,2023-03-14 03:00:51,2.160000000000025,0.8900000000000432,3.879999999999996,3,Tuesday,31403
Clouds,broken clouds,1000,10000,90,2023-03-14 04:27:13,2.3700000000000045,1.3799999999999957,3.330000000000041,4,Tuesday,31404
Clouds,broken clouds,999,10000,90,2023-03-14 05:31:06,1.57000000000005,0.5300000000000296,2.760000000000048,5,Tuesday,31405
Clouds,scattered clouds,1002,10000,90,2023-03-14 06:24:10,1.0300000000000296,0.3400000000000318,2.230000000000018,6,Tuesday,31406
Clouds,few clouds,1004,10000,87,2023-03-14 07:28:05,1.3100000000000025,0.3300000000000409,1.8900000000000432,7,Tuesday,31407
Clouds,few clouds,1005,10000,84,2023-03-14 08:31:07,2.480000000000018,0.8799999999999955,2.990000000000009,8,Tuesday,31408
Clouds,scattered clouds,1006,10000,82,2023-03-14 09:24:35,3.650000000000034,2.390000000000043,4.4500000000000455,9,Tuesday,31409
Clouds,scattered clouds,1007,10000,78,2023-03-14 10:28:35,5.0400000000000205,4.379999999999996,5.550000000000011,10,Tuesday,31410
Clouds,broken clouds,1007,10000,76,2023-03-14 11:00:58,5.510000000000048,5.379999999999996,6.660000000000025,11,Tuesday,31411
Rain,light intensity shower rain,1007,10000,69,2023-03-14 12:26:45,7.160000000000025,6.379999999999996,7.770000000000039,12,Tuesday,31412
Rain,light intensity shower rain,1008,10000,80,2023-03-14 13:30:41,5.710000000000036,4.5400000000000205,6.610000000000014,13,Tuesday,31413
Clouds,broken clouds,1008,10000,78,2023-03-14 14:23:45,6.57000000000005,5.550000000000011,7.730000000000018,14,Tuesday,31414
Clouds,broken clouds,1009,10000,80,2023-03-14 15:27:46,5.2900000000000205,4.390000000000043,6.670000000000016,15,Tuesday,31415
Clouds,scattered clouds,1010,10000,83,2023-03-14 16:31:09,4.990000000000009,4.07000000000005,6.0400000000000205,16,Tuesday,31416
Clouds,few clouds,1010,10000,77,2023-03-14 17:24:54,5.7000000000000455,4.640000000000043,6.7000000000000455,17,Tuesday,31417
Clouds,few clouds,1011,10000,80,2023-03-14 18:29:45,5.010000000000048,4.4500000000000455,5.390000000000043,18,Tuesday,31418
Clouds,scattered clouds,1012,10000,81,2023-03-14 19:23:15,3.510000000000048,1.57000000000005,4.470000000000027,19,Tuesday,31419
Clouds,few clouds,1012,10000,81,2023-03-14 20:27:52,2.830000000000041,1.57000000000005,3.910000000000025,20,Tuesday,31420
Clouds,few clouds,1013,10000,79,2023-03-14 21:31:11,2.5400000000000205,1.5300000000000296,2.990000000000009,21,Tuesday,31421
Clouds,few clouds,1013,10000,82,2023-03-14 22:25:03,1.920000000000016,0.5500000000000114,2.730000000000018,22,Tuesday,31422
Clouds,few clouds,1013,10000,82,2023-03-14 23:29:37,1.8700000000000043,0.5400000000000205,3.0,23,Tuesday,31423
Clouds,few clouds,1013,10000,82,2023-03-15 00:01:12,1.6899999999999975,0.5300000000000296,2.430000000000007,0,Wednesday,31500
Clouds,few clouds,1013,10000,83,2023-03-15 01:26:57,1.2100000000000364,0.5400000000000205,2.0,1,Wednesday,31501
Clouds,few clouds,1013,10000,83,2023-03-15 02:30:42,0.8000000000000114,-0.339999999999975,2.2700000000000387,2,Wednesday,31502
Clouds,broken clouds,1013,10000,85,2023-03-15 03:23:29,0.8799999999999955,-0.9099999999999682,2.8100000000000023,3,Wednesday,31503
Clouds,broken clouds,1013,10000,83,2023-03-15 04:27:25,1.25,-0.9099999999999682,3.840000000000032,4,Wednesday,31504
Clouds,broken clouds,1013,10000,82,2023-03-15 05:31:02,2.140000000000043,0.7600000000000477,4.390000000000043,5,Wednesday,31505
Rain,light rain,1012,10000,81,2023-03-15 06:24:18,2.8100000000000023,1.1100000000000136,4.390000000000043,6,Wednesday,31506
Rain,light rain,1012,10000,80,2023-03-15 07:28:01,3.850000000000023,1.670000000000016,5.03000000000003,7,Wednesday,31507
Rain,light rain,1011,10000,84,2023-03-15 08:31:15,4.160000000000025,3.32000000000005,4.650000000000034,8,Wednesday,31508
Rain,light rain,1012,10000,85,2023-03-15 09:24:58,4.57000000000005,4.25,4.970000000000027,9,Wednesday,31509
Rain,light rain,1010,10000,89,2023-03-15 10:28:47,4.8700000000000045,4.379999999999996,5.5400000000000205,10,Wednesday,31510
Rain,light rain,1009,10000,90,2023-03-15 11:22:00,5.910000000000025,5.390000000000043,6.670000000000016,11,Wednesday,31511
Rain,light rain,1008,10000,89,2023-03-15 12:25:59,7.090000000000032,6.410000000000025,7.830000000000041,12,Wednesday,31512
Clouds,broken clouds,1007,10000,89,2023-03-15 13:30:20,7.960000000000036,7.160000000000025,8.54000000000002,13,Wednesday,31513
Rain,light rain,1005,10000,88,2023-03-15 14:23:39,8.410000000000025,7.170000000000016,9.550000000000011,14,Wednesday,31514
Rain,moderate rain,1004,10000,89,2023-03-15 15:28:18,9.129999999999995,7.720000000000027,10.54000000000002,15,Wednesday,31515
Rain,moderate rain,1004,10000,89,2023-03-15 16:00:04,9.150000000000034,7.75,10.57000000000005,16,Wednesday,31516
Rain,moderate rain,1002,10000,90,2023-03-15 17:26:11,9.390000000000043,8.270000000000039,10.54000000000002,17,Wednesday,31517
Clouds,broken clouds,1001,8000,91,2023-03-15 18:30:23,9.75,8.270000000000039,11.54000000000002,18,Wednesday,31518
Drizzle,light intensity drizzle,1001,10000,91,2023-03-15 19:29:05,9.75,8.270000000000039,11.54000000000002,19,Wednesday,31519
Clouds,broken clouds,1000,10000,92,2023-03-15 20:22:39,10.07000000000005,8.270000000000039,11.54000000000002,20,Wednesday,31520
Clouds,broken clouds,1000,10000,90,2023-03-15 21:26:20,10.650000000000034,9.660000000000023,11.720000000000027,21,Wednesday,31521
Rain,light rain,999,10000,88,2023-03-15 22:24:48,11.300000000000011,10.189999999999998,12.230000000000018,22,Wednesday,31522
Rain,light rain,999,10000,89,2023-03-15 23:28:36,11.310000000000002,10.200000000000044,12.25,23,Wednesday,31523
Rain,moderate rain,998,10000,89,2023-03-16 00:28:08,11.200000000000044,10.78000000000003,11.720000000000027,0,Thursday,31600
Rain,light rain,998,10000,88,2023-03-16 01:00:01,11.420000000000016,10.75,12.230000000000018,1,Thursday,31601
Clouds,broken clouds,997,10000,88,2023-03-16 02:30:41,11.720000000000027,10.550000000000011,12.450000000000044,2,Thursday,31602
Clouds,broken clouds,996,10000,86,2023-03-16 03:29:17,11.900000000000034,11.33000000000004,12.470000000000027,3,Thursday,31603
Clouds,broken clouds,996,10000,85,2023-03-16 04:01:13,12.02000000000004,11.410000000000023,12.470000000000027,4,Thursday,31604
Drizzle,light intensity drizzle,996,10000,85,2023-03-16 05:31:22,11.850000000000025,11.090000000000032,12.430000000000009,5,Thursday,31605
Rain,moderate rain,995,10000,85,2023-03-16 06:30:15,11.78000000000003,11.110000000000014,12.25,6,Thursday,31606
Clouds,broken clouds,995,10000,85,2023-03-16 07:29:09,11.879999999999995,11.100000000000025,12.230000000000018,7,Thursday,31607
Clouds,broken clouds,995,10000,84,2023-03-16 08:22:45,11.879999999999995,11.100000000000025,12.230000000000018,8,Thursday,31608
Clouds,broken clouds,995,10000,82,2023-03-16 09:26:14,13.170000000000016,11.689999999999998,13.689999999999998,9,Thursday,31609
Clouds,broken clouds,995,10000,82,2023-03-16 10:29:54,13.32000000000005,11.620000000000005,14.120000000000005,10,Thursday,31610
Clouds,broken clouds,995,10000,83,2023-03-16 11:23:13,13.450000000000044,11.060000000000002,14.470000000000027,11,Thursday,31611
Clouds,broken clouds,994,10000,80,2023-03-16 12:28:57,13.560000000000002,11.640000000000043,14.490000000000007,12,Thursday,31612
Clouds,broken clouds,995,10000,77,2023-03-16 13:28:18,14.740000000000007,12.78000000000003,15.230000000000018,13,Thursday,31613
Clouds,broken clouds,995,10000,74,2023-03-16 14:28:27,15.29000000000002,13.890000000000043,15.900000000000034,14,Thursday,31614
Clouds,broken clouds,994,10000,73,2023-03-16 15:28:00,15.360000000000014,13.340000000000032,15.900000000000034,15,Thursday,31615
Clouds,broken clouds,994,10000,73,2023-03-16 16:22:20,14.670000000000016,13.33000000000004,15.220000000000027,16,Thursday,31616
Clouds,scattered clouds,994,10000,73,2023-03-16 17:31:30,13.900000000000034,12.760000000000048,14.360000000000014,17,Thursday,31617
Clouds,scattered clouds,994,10000,75,2023-03-16 18:25:20,13.220000000000027,12.230000000000018,13.920000000000016,18,Thursday,31618
Clouds,few clouds,995,10000,78,2023-03-16 19:24:27,11.439999999999998,10.54000000000002,12.439999999999998,19,Thursday,31619
Clouds,few clouds,995,10000,78,2023-03-16 20:01:31,11.0,10.53000000000003,11.430000000000009,20,Thursday,31620
Clouds,few clouds,995,10000,80,2023-03-16 21:28:09,10.740000000000007,10.220000000000027,11.360000000000014,21,Thursday,31621
Clouds,few clouds,995,10000,80,2023-03-16 22:00:40,10.510000000000048,10.220000000000027,11.129999999999995,22,Thursday,31622
Clouds,few clouds,997,10000,85,2023-03-16 23:31:33,9.610000000000014,8.260000000000048,11.090000000000032,23,Thursday,31623
Clouds,few clouds,996,10000,86,2023-03-17 00:25:22,9.730000000000018,8.270000000000039,11.100000000000025,0,Friday,31700
Clouds,few clouds,998,10000,83,2023-03-17 01:28:58,10.140000000000043,8.300000000000011,11.720000000000027,1,Friday,31701
Clouds,scattered clouds,997,10000,84,2023-03-17 02:01:01,9.620000000000005,7.3799999999999955,11.120000000000005,2,Friday,31702
Clouds,broken clouds,995,10000,85,2023-03-17 03:27:45,9.470000000000027,7.75,10.610000000000014,3,Friday,31703
Clouds,broken clouds,995,10000,84,2023-03-17 04:31:29,9.420000000000016,8.270000000000039,10.57000000000005,4,Friday,31704
Clouds,broken clouds,995,10000,87,2023-03-17 05:24:46,9.27000000000004,8.140000000000043,10.610000000000014,5,Friday,31705
Clouds,broken clouds,995,10000,89,2023-03-17 06:31:36,9.600000000000025,8.260000000000048,10.560000000000002,6,Friday,31706
Clouds,broken clouds,996,10000,86,2023-03-17 07:27:11,9.620000000000005,9.08000000000004,10.550000000000011,7,Friday,31707
Clouds,broken clouds,998,10000,86,2023-03-17 08:30:33,10.800000000000011,10.200000000000044,11.390000000000043,8,Friday,31708
Rain,light rain,997,10000,84,2023-03-17 09:29:21,11.640000000000043,10.890000000000043,12.54000000000002,9,Friday,31709
Rain,light intensity shower rain,996,10000,83,2023-03-17 10:23:45,11.740000000000007,10.890000000000043,12.54000000000002,10,Friday,31710
Rain,moderate rain,996,10000,85,2023-03-17 11:28:11,11.470000000000027,11.100000000000025,11.680000000000009,11,Friday,31711
Rain,light intensity shower rain,996,9000,86,2023-03-17 12:28:22,11.600000000000025,10.379999999999995,12.54000000000002,12,Friday,31712
Clouds,broken clouds,996,10000,85,2023-03-17 13:01:21,12.430000000000009,11.689999999999998,12.58000000000004,13,Friday,31713
Clouds,broken clouds,998,9000,85,2023-03-17 14:00:50,12.150000000000034,10.340000000000032,13.670000000000016,14,Friday,31714
Rain,light rain,997,9000,84,2023-03-17 15:31:39,12.260000000000048,10.879999999999995,13.53000000000003,15,Friday,31715
Clouds,broken clouds,996,9000,83,2023-03-17 16:25:02,12.52000000000004,10.890000000000043,13.660000000000023,16,Friday,31716
Clouds,broken clouds,996,10000,83,2023-03-17 17:23:49,12.510000000000048,10.390000000000043,13.560000000000002,17,Friday,31717
Clouds,broken clouds,997,10000,83,2023-03-17 18:01:28,12.360000000000014,10.900000000000034,13.550000000000011,18,Friday,31718
Clouds,broken clouds,997,10000,86,2023-03-17 19:22:01,11.29000000000002,10.410000000000023,12.27000000000004,19,Friday,31719
Clouds,broken clouds,998,10000,88,2023-03-17 20:31:41,10.410000000000023,9.360000000000014,11.110000000000014,20,Friday,31720
Clouds,broken clouds,999,10000,88,2023-03-17 21:29:56,10.430000000000009,9.660000000000023,11.160000000000023,21,Friday,31721
Clouds,broken clouds,999,10000,88,2023-03-17 22:01:42,10.310000000000002,9.620000000000005,11.110000000000014,22,Friday,31722
Clouds,broken clouds,999,8000,91,2023-03-17 23:01:46,9.510000000000048,8.360000000000014,10.54000000000002,23,Friday,31723
Clouds,broken clouds,999,9000,92,2023-03-18 00:23:05,9.54000000000002,7.0,11.120000000000005,0,Saturday,31800
Clouds,broken clouds,1000,8000,92,2023-03-18 01:00:52,9.680000000000009,8.110000000000014,10.57000000000005,1,Saturday,31801
Clouds,broken clouds,1000,8000,89,2023-03-18 02:26:02,9.950000000000044,9.230000000000018,10.590000000000032,2,Saturday,31802
Clouds,broken clouds,1000,10000,91,2023-03-18 03:29:48,9.450000000000044,9.110000000000014,10.02000000000004,3,Saturday,31803
Clouds,broken clouds,1001,10000,92,2023-03-18 04:01:47,9.400000000000034,9.07000000000005,9.760000000000048,4,Saturday,31804
Clouds,broken clouds,1001,10000,90,2023-03-18 05:27:31,9.010000000000048,7.78000000000003,9.390000000000043,5,Saturday,31805
Clouds,broken clouds,1001,10000,92,2023-03-18 06:31:48,7.910000000000025,7.400000000000034,8.360000000000014,6,Saturday,31806
Clouds,broken clouds,1002,10000,92,2023-03-18 07:25:15,7.950000000000045,7.420000000000016,8.550000000000011,7,Saturday,31807
Clouds,broken clouds,1002,10000,89,2023-03-18 08:29:02,9.840000000000032,9.230000000000018,10.590000000000032,8,Saturday,31808
Clouds,broken clouds,1004,10000,85,2023-03-18 09:00:52,11.28000000000003,10.340000000000032,12.010000000000048,9,Saturday,31809
Drizzle,light intensity drizzle,1004,10000,81,2023-03-18 10:25:57,12.200000000000044,11.410000000000023,12.58000000000004,10,Saturday,31810
Drizzle,light intensity drizzle,1004,4000,86,2023-03-18 11:29:52,11.930000000000009,11.390000000000043,12.560000000000002,11,Saturday,31811
Clouds,broken clouds,1005,2500,87,2023-03-18 12:23:54,10.79000000000002,10.33000000000004,12.0,12,Saturday,31812
Rain,light rain,1006,10000,88,2023-03-18 13:28:09,9.560000000000002,9.110000000000014,10.010000000000048,13,Saturday,31813
Clouds,broken clouds,1006,10000,82,2023-03-18 14:22:53,9.629999999999995,9.110000000000014,10.050000000000011,14,Saturday,31814
Clouds,broken clouds,1007,10000,80,2023-03-18 15:27:38,9.700000000000044,8.550000000000011,10.340000000000032,15,Saturday,31815
Clouds,scattered clouds,1008,10000,67,2023-03-18 16:31:51,10.430000000000009,9.980000000000018,10.77000000000004,16,Saturday,31816
Clouds,few clouds,1009,10000,69,2023-03-18 17:25:54,9.53000000000003,9.230000000000018,9.78000000000003,17,Saturday,31817
Clouds,few clouds,1010,10000,72,2023-03-18 18:30:53,8.0,7.0,8.660000000000025,18,Saturday,31818
Clouds,few clouds,1011,10000,75,2023-03-18 19:29:53,7.28000000000003,5.5400000000000205,8.340000000000032,19,Saturday,31819
Clouds,few clouds,1012,10000,79,2023-03-18 20:23:36,6.850000000000023,5.920000000000016,7.580000000000041,20,Saturday,31820
Clouds,few clouds,1012,10000,82,2023-03-18 21:01:35,6.470000000000027,5.330000000000041,7.230000000000018,21,Saturday,31821
Clouds,few clouds,1013,10000,84,2023-03-18 22:28:08,6.020000000000039,5.330000000000041,7.220000000000027,22,Saturday,31822
Clouds,few clouds,1014,10000,86,2023-03-18 23:00:52,5.510000000000048,4.25,6.689999999999998,23,Saturday,31823
Clouds,few clouds,1014,10000,85,2023-03-19 00:22:19,4.890000000000043,3.57000000000005,6.129999999999996,0,Sunday,31900
Clouds,few clouds,1014,10000,81,2023-03-19 01:22:05,4.670000000000016,3.5400000000000205,5.550000000000011,1,Sunday,31901
Clouds,scattered clouds,1015,10000,80,2023-03-19 02:26:17,4.32000000000005,3.140000000000043,5.580000000000041,2,Sunday,31902
Clouds,scattered clouds,1015,10000,78,2023-03-19 03:25:03,4.400000000000034,3.140000000000043,5.25,3,Sunday,31903
Clouds,few clouds,1015,10000,80,2023-03-19 04:25:53,3.840000000000032,2.550000000000012,5.560000000000002,4,Sunday,31904
Clouds,few clouds,1015,10000,80,2023-03-19 05:23:33,3.680000000000007,2.0300000000000296,5.020000000000039,5,Sunday,31905
Clouds,few clouds,1016,10000,81,2023-03-19 06:30:21,3.3600000000000136,2.0300000000000296,4.470000000000027,6,Sunday,31906
Clouds,few clouds,1016,10000,79,2023-03-19 07:23:45,3.740000000000009,2.010000000000048,4.470000000000027,7,Sunday,31907
Clouds,scattered clouds,1016,10000,77,2023-03-19 08:22:26,4.710000000000036,3.1200000000000045,6.670000000000016,8,Sunday,31908
Clouds,broken clouds,1016,10000,69,2023-03-19 09:31:57,7.57000000000005,6.360000000000014,8.870000000000005,9,Sunday,31909
Clouds,broken clouds,1016,10000,67,2023-03-19 10:25:39,8.240000000000009,7.3799999999999955,9.990000000000007,10,Sunday,31910
Clouds,broken clouds,1016,10000,67,2023-03-19 11:24:13,8.170000000000016,7.010000000000048,9.450000000000044,11,Sunday,31911
Rain,light rain,1016,10000,64,2023-03-19 12:01:55,8.990000000000009,7.54000000000002,9.990000000000007,12,Sunday,31912
Rain,light rain,1016,10000,63,2023-03-19 13:01:20,9.350000000000025,8.140000000000043,10.02000000000004,13,Sunday,31913
Rain,light rain,1015,10000,65,2023-03-19 14:01:38,9.220000000000027,8.410000000000025,9.800000000000011,14,Sunday,31914
Rain,moderate rain,1015,10000,70,2023-03-19 15:01:34,8.490000000000009,8.340000000000032,8.670000000000016,15,Sunday,31915
Rain,moderate rain,1014,9000,79,2023-03-19 16:01:14,7.700000000000045,7.25,8.0,16,Sunday,31916
Rain,light rain,1013,10000,86,2023-03-19 17:22:36,7.580000000000041,7.420000000000016,7.810000000000002,17,Sunday,31917
Clouds,broken clouds,1013,10000,87,2023-03-19 18:01:04,7.560000000000002,7.410000000000025,8.330000000000041,18,Sunday,31918
Clouds,broken clouds,1012,7000,90,2023-03-19 19:32:00,8.930000000000007,8.360000000000014,9.439999999999998,19,Sunday,31919
Clouds,broken clouds,1012,10000,87,2023-03-19 20:31:29,10.379999999999995,8.879999999999995,11.120000000000005,20,Sunday,31920
Clouds,broken clouds,1011,8000,87,2023-03-19 21:24:57,11.07000000000005,9.390000000000043,11.900000000000034,21,Sunday,31921
Clouds,broken clouds,1011,10000,86,2023-03-19 22:02:01,11.310000000000002,10.360000000000014,11.879999999999995,22,Sunday,31922
Clouds,broken clouds,1011,10000,86,2023-03-19 23:22:57,11.75,11.390000000000043,12.010000000000048,23,Sunday,31923
Clouds,broken clouds,1011,10000,86,2023-03-20 00:01:14,11.850000000000025,11.390000000000043,12.450000000000044,0,Monday,32000
Clouds,broken clouds,1012,10000,89,2023-03-20 01:00:00,11.740000000000007,10.900000000000034,12.78000000000003,1,Monday,32001
Clouds,broken clouds,1010,10000,90,2023-03-20 02:26:20,11.860000000000014,10.900000000000034,13.340000000000032,2,Monday,32002
Clouds,broken clouds,1010,10000,86,2023-03-20 03:31:08,12.360000000000014,11.379999999999995,13.0,3,Monday,32003
Clouds,broken clouds,1010,10000,86,2023-03-20 04:24:30,12.129999999999995,11.390000000000043,12.560000000000002,4,Monday,32004
Clouds,broken clouds,1010,10000,87,2023-03-20 05:29:24,11.5,11.140000000000043,12.230000000000018,5,Monday,32005
Rain,light rain,1010,10000,88,2023-03-20 06:01:55,11.350000000000025,10.890000000000043,11.890000000000043,6,Monday,32006
Clouds,broken clouds,1011,10000,89,2023-03-20 07:28:01,11.210000000000036,10.410000000000023,11.920000000000016,7,Monday,32007
Clouds,broken clouds,1010,10000,88,2023-03-20 08:32:05,11.960000000000036,10.879999999999995,12.78000000000003,8,Monday,32008
Clouds,broken clouds,1012,10000,84,2023-03-20 09:25:34,12.83000000000004,12.010000000000048,13.560000000000002,9,Monday,32009
Clouds,broken clouds,1012,10000,79,2023-03-20 10:29:50,13.600000000000025,12.010000000000048,14.640000000000043,10,Monday,32010
Clouds,broken clouds,1010,10000,75,2023-03-20 11:24:44,14.189999999999998,13.379999999999995,14.77000000000004,11,Monday,32011
Clouds,broken clouds,1010,10000,75,2023-03-20 12:29:53,14.560000000000002,14.379999999999995,14.77000000000004,12,Monday,32012
Clouds,broken clouds,1010,10000,73,2023-03-20 13:02:07,15.58000000000004,14.360000000000014,16.430000000000007,13,Monday,32013
Clouds,broken clouds,1009,10000,71,2023-03-20 14:01:56,15.640000000000043,14.439999999999998,16.439999999999998,14,Monday,32014
Clouds,broken clouds,1008,10000,73,2023-03-20 15:01:56,15.060000000000002,13.879999999999995,15.890000000000043,15,Monday,32015
Clouds,broken clouds,1008,10000,73,2023-03-20 16:02:08,14.79000000000002,14.360000000000014,15.32000000000005,16,Monday,32016
Clouds,broken clouds,1007,10000,75,2023-03-20 17:24:38,13.950000000000044,13.340000000000032,14.470000000000027,17,Monday,32017
Clouds,broken clouds,1006,10000,78,2023-03-20 18:24:35,13.470000000000027,12.25,13.939999999999998,18,Monday,32018
Clouds,broken clouds,1005,10000,81,2023-03-20 19:29:04,12.79000000000002,11.920000000000016,13.410000000000023,19,Monday,32019
Clouds,broken clouds,1005,10000,86,2023-03-20 20:23:15,11.77000000000004,11.33000000000004,12.230000000000018,20,Monday,32020
Clouds,broken clouds,1004,10000,86,2023-03-20 21:01:48,11.910000000000023,11.410000000000023,12.27000000000004,21,Monday,32021
Rain,moderate rain,1006,10000,83,2023-03-20 22:01:22,11.920000000000016,10.900000000000034,12.560000000000002,22,Monday,32022
Clouds,broken clouds,1004,10000,83,2023-03-20 23:01:44,11.670000000000016,10.900000000000034,12.25,23,Monday,32023
Clouds,broken clouds,1003,10000,82,2023-03-21 00:01:23,11.060000000000002,10.340000000000032,11.900000000000034,0,Tuesday,32100
Clouds,broken clouds,1002,10000,82,2023-03-21 01:22:15,11.02000000000004,10.220000000000027,11.720000000000027,1,Tuesday,32101
Clouds,broken clouds,1001,10000,84,2023-03-21 02:26:32,10.83000000000004,10.189999999999998,11.379999999999995,2,Tuesday,32102
Clouds,broken clouds,1002,10000,86,2023-03-21 03:25:13,10.5,10.189999999999998,11.120000000000005,3,Tuesday,32103
Clouds,broken clouds,1000,10000,88,2023-03-21 04:02:11,10.04000000000002,9.210000000000036,11.110000000000014,4,Tuesday,32104
Clouds,broken clouds,999,10000,89,2023-03-21 05:01:03,9.879999999999995,9.110000000000014,10.610000000000014,5,Tuesday,32105
Clouds,broken clouds,1002,10000,88,2023-03-21 06:26:35,10.400000000000034,10.220000000000027,10.57000000000005,6,Tuesday,32106
Clouds,broken clouds,1002,10000,89,2023-03-21 07:30:24,10.32000000000005,9.57000000000005,10.810000000000002,7,Tuesday,32107
Clouds,broken clouds,1001,10000,87,2023-03-21 08:28:40,10.32000000000005,9.550000000000011,10.900000000000034,8,Tuesday,32108
Clouds,broken clouds,1003,10000,84,2023-03-21 09:00:39,10.53000000000003,10.200000000000044,10.900000000000034,9,Tuesday,32109
Clouds,broken clouds,1002,10000,76,2023-03-21 10:26:00,11.980000000000018,10.920000000000016,12.470000000000027,10,Tuesday,32110
Clouds,broken clouds,1002,10000,76,2023-03-21 11:24:47,12.390000000000043,10.890000000000043,13.0,11,Tuesday,32111
Clouds,broken clouds,1002,10000,74,2023-03-21 12:00:00,12.57000000000005,11.53000000000003,13.650000000000034,12,Tuesday,32112
Clouds,broken clouds,1001,10000,74,2023-03-21 13:01:46,12.850000000000025,12.379999999999995,13.110000000000014,13,Tuesday,32113
Clouds,broken clouds,1000,10000,71,2023-03-21 14:01:28,13.32000000000005,12.390000000000043,14.230000000000018,14,Tuesday,32114
Rain,moderate rain,998,10000,76,2023-03-21 15:27:45,12.08000000000004,11.129999999999995,12.58000000000004,15,Tuesday,32115
Rain,light rain,996,10000,83,2023-03-21 16:32:15,11.200000000000044,10.360000000000014,11.670000000000016,16,Tuesday,32116
Clouds,broken clouds,995,10000,84,2023-03-21 17:25:59,11.08000000000004,10.410000000000023,11.720000000000027,17,Tuesday,32117
Rain,light rain,993,10000,85,2023-03-21 18:25:15,11.260000000000048,10.54000000000002,11.680000000000009,18,Tuesday,32118
Clouds,broken clouds,992,10000,85,2023-03-21 19:02:16,11.490000000000007,10.53000000000003,12.220000000000027,19,Tuesday,32119
Rain,light rain,991,10000,84,2023-03-21 20:29:11,11.990000000000007,11.390000000000043,12.450000000000044,20,Tuesday,32120
Clouds,broken clouds,990,10000,84,2023-03-21 21:01:36,12.140000000000043,11.390000000000043,12.810000000000002,21,Tuesday,32121
Rain,moderate rain,988,10000,83,2023-03-21 22:00:56,12.230000000000018,11.57000000000005,12.58000000000004,22,Tuesday,32122
Rain,moderate rain,987,10000,85,2023-03-21 23:00:49,12.02000000000004,11.410000000000023,12.470000000000027,23,Tuesday,32123
Clouds,broken clouds,986,10000,84,2023-03-22 00:26:28,12.140000000000043,11.550000000000011,12.450000000000044,0,Wednesday,32200
Clouds,broken clouds,987,10000,77,2023-03-22 01:25:02,11.439999999999998,10.560000000000002,12.390000000000043,1,Wednesday,32201
Clouds,broken clouds,989,10000,70,2023-03-22 02:02:15,9.77000000000004,9.090000000000032,10.390000000000043,2,Wednesday,32202
Clouds,scattered clouds,990,10000,70,2023-03-22 03:27:36,8.29000000000002,7.980000000000018,8.560000000000002,3,Wednesday,32203
Clouds,few clouds,991,10000,70,2023-03-22 04:26:06,7.430000000000007,6.57000000000005,8.03000000000003,4,Wednesday,32204
Clouds,few clouds,994,10000,73,2023-03-22 05:30:28,6.890000000000043,5.920000000000016,7.800000000000011,5,Wednesday,32205
Clouds,scattered clouds,994,10000,73,2023-03-22 06:02:19,6.850000000000023,5.879999999999996,7.430000000000007,6,Wednesday,32206
Clouds,few clouds,991,10000,70,2023-03-22 07:28:22,7.600000000000023,6.57000000000005,8.03000000000003,7,Wednesday,32207
Clouds,few clouds,991,10000,70,2023-03-22 08:00:49,8.150000000000034,6.550000000000011,8.560000000000002,8,Wednesday,32208
Clear,clear sky,991,10000,65,2023-03-22 09:26:28,9.910000000000023,8.57000000000005,10.810000000000002,9,Wednesday,32209
Clouds,broken clouds,993,10000,66,2023-03-22 10:31:00,10.590000000000032,9.220000000000027,11.33000000000004,10,Wednesday,32210
Clouds,few clouds,990,10000,67,2023-03-22 11:25:09,11.33000000000004,10.360000000000014,11.920000000000016,11,Wednesday,32211
Clouds,broken clouds,994,10000,62,2023-03-22 12:30:17,12.25,10.900000000000034,13.010000000000048,12,Wednesday,32212
Clouds,scattered clouds,991,10000,64,2023-03-22 13:02:21,12.379999999999995,10.879999999999995,13.54000000000002,13,Wednesday,32213
Clouds,scattered clouds,988,10000,60,2023-03-22 14:30:24,13.010000000000048,11.689999999999998,13.689999999999998,14,Wednesday,32214
Clouds,broken clouds,987,10000,70,2023-03-22 15:24:49,11.79000000000002,10.54000000000002,12.439999999999998,15,Wednesday,32215
Clouds,broken clouds,986,10000,66,2023-03-22 16:29:50,11.870000000000005,10.550000000000011,12.439999999999998,16,Wednesday,32216
Clouds,broken clouds,985,10000,69,2023-03-22 17:02:07,11.370000000000005,10.54000000000002,11.680000000000009,17,Wednesday,32217
Rain,shower rain,984,10000,74,2023-03-22 18:29:07,10.460000000000036,9.439999999999998,10.890000000000043,18,Wednesday,32218
Clouds,scattered clouds,984,10000,78,2023-03-22 19:01:49,9.850000000000025,9.410000000000023,10.25,19,Wednesday,32219
Clouds,broken clouds,985,10000,81,2023-03-22 20:28:20,8.700000000000045,7.410000000000025,9.689999999999998,20,Wednesday,32220
Clouds,few clouds,985,10000,79,2023-03-22 21:01:56,8.490000000000009,7.3799999999999955,9.110000000000014,21,Wednesday,32221
Clouds,broken clouds,986,10000,76,2023-03-22 22:28:38,7.960000000000036,7.439999999999998,8.379999999999995,22,Wednesday,32222
Clouds,scattered clouds,986,10000,77,2023-03-22 23:01:43,7.680000000000007,7.410000000000025,8.03000000000003,23,Wednesday,32223
Rain,moderate rain,987,10000,75,2023-03-23 00:27:50,8.080000000000041,7.390000000000043,8.560000000000002,0,Thursday,32300
Clouds,broken clouds,987,10000,75,2023-03-23 01:00:28,8.07000000000005,7.390000000000043,8.560000000000002,1,Thursday,32301
Clouds,broken clouds,987,10000,83,2023-03-23 02:26:35,7.2000000000000455,6.550000000000011,7.450000000000045,2,Thursday,32302
Rain,light intensity shower rain,987,10000,85,2023-03-23 03:31:12,7.700000000000045,7.230000000000018,8.010000000000048,3,Thursday,32303
Clouds,broken clouds,986,10000,84,2023-03-23 04:25:50,7.420000000000016,6.860000000000014,8.330000000000041,4,Thursday,32304
Clouds,few clouds,986,10000,83,2023-03-23 05:30:25,7.960000000000036,7.390000000000043,8.560000000000002,5,Thursday,32305
Clouds,few clouds,986,10000,81,2023-03-23 06:02:32,7.970000000000027,7.360000000000014,8.54000000000002,6,Thursday,32306
Clouds,few clouds,986,10000,81,2023-03-23 07:29:41,8.420000000000016,7.410000000000025,9.140000000000043,7,Thursday,32307
Clouds,few clouds,986,10000,80,2023-03-23 08:01:44,9.129999999999995,7.57000000000005,10.050000000000011,8,Thursday,32308
Clouds,few clouds,986,10000,73,2023-03-23 09:28:12,10.920000000000016,9.57000000000005,11.470000000000027,9,Thursday,32309
Clouds,few clouds,986,10000,70,2023-03-23 10:02:34,11.5,10.53000000000003,11.990000000000007,10,Thursday,32310
Clouds,scattered clouds,989,10000,67,2023-03-23 11:29:07,12.689999999999998,10.900000000000034,13.670000000000016,11,Thursday,32311
Clouds,broken clouds,989,10000,67,2023-03-23 12:02:34,12.939999999999998,11.090000000000032,14.210000000000036,12,Thursday,32312
Clouds,broken clouds,986,10000,65,2023-03-23 13:30:52,13.430000000000009,11.660000000000023,14.220000000000027,13,Thursday,32313
Clouds,broken clouds,985,10000,65,2023-03-23 14:02:44,13.400000000000034,12.210000000000036,14.210000000000036,14,Thursday,32314
Clouds,scattered clouds,987,10000,61,2023-03-23 15:29:48,13.450000000000044,11.57000000000005,14.25,15,Thursday,32315
Rain,light intensity shower rain,988,10000,63,2023-03-23 16:01:57,12.800000000000011,12.25,13.689999999999998,16,Thursday,32316
Clouds,broken clouds,984,10000,72,2023-03-23 17:27:24,11.57000000000005,9.57000000000005,12.470000000000027,17,Thursday,32317
Clouds,scattered clouds,986,10000,72,2023-03-23 18:31:27,10.670000000000016,9.450000000000044,11.340000000000032,18,Thursday,32318
Rain,shower rain,984,10000,75,2023-03-23 19:25:18,10.02000000000004,9.220000000000027,10.78000000000003,19,Thursday,32319
Clouds,broken clouds,984,10000,76,2023-03-23 20:29:43,8.710000000000036,7.0,9.660000000000023,20,Thursday,32320
Clouds,scattered clouds,984,10000,74,2023-03-23 21:01:50,8.29000000000002,7.970000000000027,8.550000000000011,21,Thursday,32321
Clouds,few clouds,985,10000,75,2023-03-23 22:29:17,7.650000000000034,6.550000000000011,8.560000000000002,22,Thursday,32322
Clouds,few clouds,985,10000,75,2023-03-23 23:01:33,7.590000000000032,6.57000000000005,8.140000000000043,23,Thursday,32323
Clouds,few clouds,987,10000,74,2023-03-24 00:28:26,7.640000000000043,6.5400000000000205,8.550000000000011,0,Friday,32400
Clouds,broken clouds,988,10000,74,2023-03-24 01:00:49,7.740000000000009,6.5400000000000205,8.879999999999995,1,Friday,32401
Clouds,broken clouds,987,10000,76,2023-03-24 02:25:50,8.310000000000002,7.57000000000005,8.689999999999998,2,Friday,32402
Clouds,broken clouds,986,10000,76,2023-03-24 03:29:46,7.939999999999998,7.0,8.879999999999995,3,Friday,32403
Clouds,broken clouds,988,10000,76,2023-03-24 04:01:33,8.03000000000003,7.03000000000003,8.910000000000025,4,Friday,32404
Clouds,broken clouds,988,10000,74,2023-03-24 05:27:39,8.689999999999998,8.140000000000043,9.470000000000027,5,Friday,32405
Clouds,broken clouds,989,10000,75,2023-03-24 06:31:13,8.660000000000025,8.120000000000005,9.450000000000044,6,Friday,32406
Clouds,broken clouds,989,10000,75,2023-03-24 07:02:49,8.760000000000048,8.100000000000023,9.439999999999998,7,Friday,32407
Clouds,scattered clouds,989,10000,74,2023-03-24 08:28:40,9.450000000000044,9.110000000000014,10.02000000000004,8,Friday,32408
Clouds,scattered clouds,989,10000,72,2023-03-24 09:01:46,10.28000000000003,9.220000000000027,10.890000000000043,9,Friday,32409
Clouds,broken clouds,989,10000,65,2023-03-24 10:28:07,11.740000000000007,10.340000000000032,12.450000000000044,10,Friday,32410
Clouds,broken clouds,989,10000,64,2023-03-24 11:02:26,12.010000000000048,10.890000000000043,12.550000000000011,11,Friday,32411
Clouds,scattered clouds,986,10000,64,2023-03-24 12:29:02,12.900000000000034,11.670000000000016,13.670000000000016,12,Friday,32412
Clouds,scattered clouds,985,10000,59,2023-03-24 13:02:41,13.390000000000043,12.220000000000027,13.660000000000023,13,Friday,32413
Clouds,broken clouds,986,4500,76,2023-03-24 14:28:40,10.490000000000007,8.550000000000011,12.230000000000018,14,Friday,32414
Clouds,broken clouds,985,9000,82,2023-03-24 15:01:46,10.050000000000011,9.470000000000027,10.79000000000002,15,Friday,32415
Clouds,scattered clouds,985,10000,77,2023-03-24 16:27:49,10.110000000000014,8.890000000000043,10.590000000000032,16,Friday,32416
Clouds,broken clouds,986,10000,75,2023-03-24 17:32:52,9.33000000000004,8.870000000000005,9.760000000000048,17,Friday,32417
Clouds,broken clouds,987,10000,77,2023-03-24 18:28:18,8.689999999999998,8.0,9.410000000000023,18,Friday,32418
Clouds,broken clouds,987,10000,79,2023-03-24 19:01:15,8.510000000000048,7.970000000000027,8.900000000000034,19,Friday,32419
Clouds,scattered clouds,989,10000,83,2023-03-24 20:26:19,8.310000000000002,8.0,8.580000000000041,20,Friday,32420
Clouds,broken clouds,989,10000,81,2023-03-24 21:30:14,8.520000000000039,7.980000000000018,8.920000000000016,21,Friday,32421
Clouds,broken clouds,990,10000,81,2023-03-24 22:02:25,8.470000000000027,8.330000000000041,8.660000000000025,22,Friday,32422
Clouds,broken clouds,992,10000,84,2023-03-24 23:28:53,8.480000000000018,8.340000000000032,8.670000000000016,23,Friday,32423
Clouds,broken clouds,993,10000,83,2023-03-25 00:02:41,8.360000000000014,7.980000000000018,8.890000000000043,0,Saturday,32500
Clouds,broken clouds,995,10000,86,2023-03-25 01:28:17,8.189999999999998,8.0,8.410000000000025,1,Saturday,32501
Clouds,broken clouds,995,10000,86,2023-03-25 02:00:45,7.890000000000043,7.410000000000025,8.879999999999995,2,Saturday,32502
Clouds,scattered clouds,996,10000,87,2023-03-25 03:25:54,7.53000000000003,6.57000000000005,8.360000000000014,3,Saturday,32503
Clouds,scattered clouds,997,10000,86,2023-03-25 04:29:49,7.230000000000018,6.57000000000005,7.580000000000041,4,Saturday,32504
Clouds,scattered clouds,998,10000,88,2023-03-25 05:01:39,7.010000000000048,5.900000000000034,8.340000000000032,5,Saturday,32505
Clouds,broken clouds,998,10000,89,2023-03-25 06:27:55,7.400000000000034,5.920000000000016,8.910000000000025,6,Saturday,32506
Clouds,broken clouds,1000,10000,87,2023-03-25 07:31:36,8.07000000000005,7.0,8.879999999999995,7,Saturday,32507
Clouds,broken clouds,1000,10000,85,2023-03-25 08:02:56,8.640000000000043,8.100000000000023,9.100000000000025,8,Saturday,32508
Clouds,broken clouds,1001,10000,83,2023-03-25 09:01:48,9.189999999999998,8.110000000000014,9.77000000000004,9,Saturday,32509
Clouds,broken clouds,1002,10000,73,2023-03-25 10:26:28,10.590000000000032,10.340000000000032,10.79000000000002,10,Saturday,32510
Clouds,broken clouds,1002,10000,70,2023-03-25 11:29:59,11.410000000000023,10.340000000000032,12.560000000000002,11,Saturday,32511
Clouds,broken clouds,1003,10000,73,2023-03-25 12:02:30,11.160000000000023,10.54000000000002,12.220000000000027,12,Saturday,32512
Rain,light rain,1003,10000,72,2023-03-25 13:28:21,11.610000000000014,11.300000000000011,12.379999999999995,13,Saturday,32513
Clouds,scattered clouds,1002,10000,65,2023-03-25 14:28:19,12.740000000000007,12.0,13.550000000000011,14,Saturday,32514
Clouds,scattered clouds,1002,10000,80,2023-03-25 15:28:24,10.910000000000023,9.54000000000002,13.33000000000004,15,Saturday,32515
Clouds,broken clouds,1002,10000,78,2023-03-25 16:01:15,10.870000000000005,9.57000000000005,11.410000000000023,16,Saturday,32516
Clouds,broken clouds,1001,10000,70,2023-03-25 17:22:59,11.890000000000043,10.890000000000043,12.79000000000002,17,Saturday,32517
Clouds,broken clouds,1001,10000,70,2023-03-25 18:00:49,11.79000000000002,11.120000000000005,12.550000000000011,18,Saturday,32518
Clouds,broken clouds,1001,10000,79,2023-03-25 19:26:10,9.260000000000048,7.010000000000048,10.590000000000032,19,Saturday,32519
Clouds,broken clouds,1001,10000,79,2023-03-25 20:02:59,8.740000000000009,6.990000000000009,9.53000000000003,20,Saturday,32520
Clouds,broken clouds,1000,10000,85,2023-03-25 21:02:23,7.410000000000025,6.890000000000043,8.03000000000003,21,Saturday,32521
Clouds,scattered clouds,1000,10000,86,2023-03-25 22:01:23,6.510000000000048,4.230000000000018,8.920000000000016,22,Saturday,32522
Clouds,scattered clouds,1001,10000,88,2023-03-25 23:31:34,6.590000000000032,5.330000000000041,8.340000000000032,23,Saturday,32523
Mist,mist,1000,2500,89,2023-03-26 00:30:09,7.140000000000043,6.310000000000002,8.010000000000048,0,Sunday,32600
Mist,mist,1000,1500,91,2023-03-26 01:02:05,7.760000000000048,6.8700000000000045,8.920000000000016,1,Sunday,32601
Fog,fog,1001,800,93,2023-03-26 02:01:23,7.930000000000007,6.57000000000005,8.939999999999998,2,Sunday,32602
Fog,fog,1001,600,92,2023-03-26 03:26:11,8.32000000000005,7.390000000000043,9.550000000000011,3,Sunday,32603
Fog,fog,1001,800,92,2023-03-26 04:03:02,8.340000000000032,7.960000000000036,8.650000000000034,4,Sunday,32604
Mist,mist,1002,4500,92,2023-03-26 05:01:35,8.5,8.360000000000014,8.689999999999998,5,Sunday,32605
Clouds,broken clouds,1003,9000,91,2023-03-26 06:31:49,8.189999999999998,8.0,8.57000000000005,6,Sunday,32606
Clouds,broken clouds,1004,8000,93,2023-03-26 07:03:04,7.939999999999998,7.360000000000014,8.53000000000003,7,Sunday,32607
Clouds,broken clouds,1007,10000,91,2023-03-26 08:02:01,7.810000000000002,7.390000000000043,8.550000000000011,8,Sunday,32608
Clouds,broken clouds,1008,10000,90,2023-03-26 09:00:48,7.82000000000005,7.410000000000025,8.57000000000005,9,Sunday,32609
Clouds,broken clouds,1010,4000,91,2023-03-26 10:31:04,7.600000000000023,7.270000000000039,8.360000000000014,10,Sunday,32610
Clouds,broken clouds,1011,4000,91,2023-03-26 11:02:52,7.370000000000003,7.25,8.120000000000005,11,Sunday,32611
Drizzle,light intensity drizzle,1013,10000,91,2023-03-26 12:01:51,7.350000000000023,7.230000000000018,8.110000000000014,12,Sunday,32612
Clouds,broken clouds,1014,10000,84,2023-03-26 13:28:14,7.82000000000005,7.410000000000025,8.910000000000025,13,Sunday,32613
Clouds,broken clouds,1015,10000,80,2023-03-26 14:01:22,8.480000000000018,8.330000000000041,8.660000000000025,14,Sunday,32614
Clouds,broken clouds,1016,10000,74,2023-03-26 15:26:23,8.760000000000048,8.360000000000014,9.550000000000011,15,Sunday,32615
Clouds,broken clouds,1017,10000,72,2023-03-26 16:30:23,8.550000000000011,8.03000000000003,9.57000000000005,16,Sunday,32616
Clouds,broken clouds,1018,10000,71,2023-03-26 17:02:42,8.340000000000032,7.410000000000025,9.57000000000005,17,Sunday,32617
Clouds,broken clouds,1019,10000,73,2023-03-26 18:28:01,7.650000000000034,7.390000000000043,8.010000000000048,18,Sunday,32618
Clouds,broken clouds,1020,10000,75,2023-03-26 19:32:33,7.370000000000003,6.670000000000016,7.810000000000002,19,Sunday,32619
Clouds,few clouds,1020,10000,74,2023-03-26 20:25:46,6.560000000000002,5.390000000000043,7.25,20,Sunday,32620
Clouds,few clouds,1021,10000,74,2023-03-26 21:29:39,5.150000000000034,4.090000000000032,6.7000000000000455,21,Sunday,32621
Clear,clear sky,1020,10000,73,2023-03-26 22:01:42,4.970000000000027,3.5300000000000296,6.7000000000000455,22,Sunday,32622
Clear,clear sky,1022,10000,83,2023-03-26 23:28:19,3.420000000000016,0.3900000000000432,6.140000000000043,23,Sunday,32623
Clear,clear sky,1023,10000,85,2023-03-27 00:01:08,2.3600000000000136,-0.6099999999999568,5.03000000000003,0,Monday,32700
Clear,clear sky,1024,10000,88,2023-03-27 01:28:14,1.580000000000041,-1.6099999999999568,4.470000000000027,1,Monday,32701
Clear,clear sky,1024,10000,88,2023-03-27 02:00:49,1.2200000000000273,-1.6200000000000043,3.900000000000034,2,Monday,32702
Clear,clear sky,1023,10000,88,2023-03-27 03:26:22,0.5100000000000477,-1.8899999999999864,3.340000000000032,3,Monday,32703
Clear,clear sky,1024,10000,89,2023-03-27 04:29:53,0.32000000000005,-2.6200000000000045,2.7900000000000205,4,Monday,32704
Clear,clear sky,1025,10000,89,2023-03-27 05:01:45,0.5800000000000409,-0.8899999999999864,2.2700000000000387,5,Monday,32705
Clouds,few clouds,1024,10000,89,2023-03-27 06:27:38,-0.3199999999999932,-3.609999999999957,2.25,6,Monday,32706
Clouds,few clouds,1025,10000,86,2023-03-27 07:31:30,2.930000000000007,-2.609999999999957,4.470000000000027,7,Monday,32707
Clouds,few clouds,1025,10000,86,2023-03-27 08:03:12,3.3799999999999955,-0.6399999999999864,5.560000000000002,8,Monday,32708
Clouds,broken clouds,1025,10000,74,2023-03-27 09:28:46,6.8700000000000045,6.100000000000023,7.439999999999998,9,Monday,32709
Clouds,broken clouds,1025,10000,71,2023-03-27 10:01:51,7.54000000000002,7.3799999999999955,7.79000000000002,10,Monday,32710
Clouds,broken clouds,1024,10000,69,2023-03-27 11:27:43,9.02000000000004,7.79000000000002,10.189999999999998,11,Monday,32711
Clouds,broken clouds,1024,10000,70,2023-03-27 12:33:13,9.430000000000009,8.890000000000043,10.32000000000005,12,Monday,32712
Clouds,broken clouds,1024,10000,69,2023-03-27 13:27:49,9.840000000000032,8.120000000000005,10.79000000000002,13,Monday,32713
Clouds,broken clouds,1023,10000,68,2023-03-27 14:32:49,10.08000000000004,8.879999999999995,10.54000000000002,14,Monday,32714
Clouds,broken clouds,1023,10000,67,2023-03-27 15:26:52,10.03000000000003,9.410000000000023,10.360000000000014,15,Monday,32715
Clouds,broken clouds,1022,10000,62,2023-03-27 16:31:40,10.27000000000004,8.890000000000043,10.900000000000034,16,Monday,32716
Clouds,broken clouds,1022,10000,63,2023-03-27 17:25:45,9.420000000000016,9.110000000000014,9.77000000000004,17,Monday,32717
Clouds,broken clouds,1021,10000,66,2023-03-27 18:30:47,8.379999999999995,7.980000000000018,8.920000000000016,18,Monday,32718
Clouds,broken clouds,1021,10000,68,2023-03-27 19:03:01,8.100000000000023,7.420000000000016,8.550000000000011,19,Monday,32719
Clouds,broken clouds,1020,10000,74,2023-03-27 20:28:40,7.53000000000003,6.890000000000043,8.379999999999995,20,Monday,32720
Clouds,broken clouds,1020,10000,77,2023-03-27 21:01:03,7.600000000000023,6.890000000000043,8.379999999999995,21,Monday,32721
Clouds,broken clouds,1018,10000,79,2023-03-27 22:27:43,7.930000000000007,7.3799999999999955,8.900000000000034,22,Monday,32722
Rain,moderate rain,1017,10000,79,2023-03-27 23:32:30,8.439999999999998,7.970000000000027,8.900000000000034,23,Monday,32723
Rain,light rain,1016,10000,80,2023-03-28 00:25:39,8.510000000000048,7.970000000000027,8.900000000000034,0,Tuesday,32800
Clouds,broken clouds,1016,9000,82,2023-03-28 01:28:59,8.680000000000007,8.0,9.490000000000007,1,Tuesday,32801
Rain,light rain,1015,10000,83,2023-03-28 02:00:48,8.560000000000002,8.360000000000014,8.689999999999998,2,Tuesday,32802
Clouds,broken clouds,1013,10000,82,2023-03-28 03:25:14,8.550000000000011,7.980000000000018,8.920000000000016,3,Tuesday,32803
Rain,light rain,1012,10000,81,2023-03-28 04:28:58,8.54000000000002,8.0,8.939999999999998,4,Tuesday,32804
Rain,light rain,1011,8000,81,2023-03-28 05:00:48,8.340000000000032,7.970000000000027,8.900000000000034,5,Tuesday,32805
Clouds,broken clouds,1012,10000,83,2023-03-28 06:03:21,8.300000000000011,6.990000000000009,9.439999999999998,6,Tuesday,32806
Rain,moderate rain,1009,10000,84,2023-03-28 07:28:11,8.740000000000009,7.970000000000027,9.54000000000002,7,Tuesday,32807
Clouds,broken clouds,1008,10000,85,2023-03-28 08:00:24,9.100000000000025,8.379999999999995,10.010000000000048,8,Tuesday,32808
